naive_sub_mean,naive_depth_mean,naive_sub_median,naive_depth_median,naive_sub_max,naive_depth_max,simple_sub_mean,simple_depth_mean,simple_sub_median,simple_depth_median,simple_sub_max,simple_depth_max
18.671875,5.78125,6.5,4.0,461,25,2.9375,1.9375,2.0,2.0,11,5
18.453125,5.703125,5.5,4.0,461,25,2.828125,1.90625,2.0,2.0,11,5
18.359375,5.703125,6.0,4.0,461,25,2.890625,1.9375,2.0,2.0,11,5
19.765625,5.78125,6.5,4.0,461,25,3.03125,1.984375,2.0,2.0,11,5
19.78125,5.796875,6.5,4.0,461,25,2.921875,1.921875,2.0,2.0,11,5
23.40625,6.1875,7.0,4.0,461,25,3.09375,2.0,2.0,2.0,11,5
23.515625,6.265625,7.0,4.0,461,25,3.15625,2.03125,2.0,2.0,11,5
23.53125,6.28125,7.0,4.0,461,25,3.171875,2.046875,2.0,2.0,11,5
23.875,6.421875,7.0,4.5,461,25,3.234375,2.0625,2.5,2.0,11,5
24.359375,6.5625,7.0,5.0,461,25,3.203125,2.03125,2.5,2.0,11,5
24.5,6.625,7.5,5.0,461,25,3.25,2.0625,3.0,2.0,11,5
24.546875,6.640625,7.5,5.0,461,25,3.234375,2.0625,2.5,2.0,11,5
25.328125,6.9375,9.0,5.0,461,25,3.40625,2.15625,3.0,2.0,11,5
25.4375,6.984375,9.0,5.0,461,25,3.40625,2.15625,3.0,2.0,11,5
25.390625,6.96875,9.0,5.0,461,25,3.359375,2.140625,3.0,2.0,11,5
25.59375,7.03125,9.0,5.5,461,25,3.421875,2.171875,3.0,2.0,11,5
25.828125,7.125,9.0,6.0,461,25,3.421875,2.15625,3.0,2.0,11,5
29.390625,7.53125,10.5,6.0,461,25,3.515625,2.203125,3.0,2.0,11,5
31.359375,7.75,11.0,6.0,461,25,3.6875,2.296875,3.0,2.0,11,5
29.3125,7.515625,10.0,6.0,461,25,3.609375,2.265625,3.0,2.0,11,5
29.40625,7.484375,10.0,6.0,461,25,3.65625,2.296875,3.0,2.0,11,5
29.578125,7.453125,10.0,6.0,461,25,3.5625,2.265625,3.0,2.0,9,5
29.953125,7.578125,10.0,6.0,461,25,3.65625,2.3125,3.0,2.0,9,5
31.3125,7.734375,10.5,6.0,461,25,3.828125,2.40625,3.0,2.0,9,5
30.609375,7.421875,9.5,6.0,461,25,3.75,2.359375,3.0,2.0,9,5
30.109375,7.25,9.0,6.0,461,25,3.53125,2.25,3.0,2.0,9,5
31.03125,7.46875,9.5,6.0,461,25,3.546875,2.265625,3.0,2.0,9,5
28.984375,7.203125,9.0,6.0,461,25,3.5,2.25,3.0,2.0,9,5
29.03125,7.234375,9.0,6.0,461,25,3.4375,2.21875,3.0,2.0,9,5
29.296875,7.265625,9.0,6.0,461,25,3.46875,2.234375,3.0,2.0,9,5
26.28125,7.046875,9.0,6.0,461,25,3.375,2.1875,3.0,2.0,9,5
26.0,6.953125,9.0,6.0,461,25,3.3125,2.15625,3.0,2.0,9,5
27.0625,7.328125,10.0,6.0,461,25,3.328125,2.15625,3.0,2.0,9,5
27.140625,7.34375,10.0,6.0,461,25,3.265625,2.109375,3.0,2.0,9,5
26.875,7.25,10.0,6.0,461,25,3.1875,2.0625,3.0,2.0,9,5
26.390625,7.078125,9.5,6.0,461,25,3.03125,1.984375,3.0,2.0,9,5
27.96875,7.453125,10.0,6.0,461,25,3.078125,2.015625,3.0,2.0,9,5
27.9375,7.46875,10.0,6.0,461,25,3.21875,2.078125,3.0,2.0,9,5
24.859375,7.25,10.0,6.0,461,25,3.15625,2.046875,3.0,2.0,9,5
34.25,7.921875,11.0,6.0,461,26,3.28125,2.109375,3.0,2.0,9,5
34.5,8.0,11.0,6.5,461,26,3.21875,2.078125,3.0,2.0,9,5
34.671875,8.015625,12.0,7.0,461,26,3.3125,2.109375,3.0,2.0,9,5
35.203125,8.203125,13.5,7.0,461,26,3.328125,2.125,3.0,2.0,9,5
35.765625,8.375,14.0,7.0,461,26,3.3125,2.109375,3.0,2.0,9,5
36.265625,8.609375,15.0,7.0,461,26,3.390625,2.15625,3.0,2.0,9,5
36.78125,8.609375,15.0,7.0,461,26,3.3125,2.109375,3.0,2.0,9,5
36.96875,8.734375,15.0,7.0,461,26,3.328125,2.125,3.0,2.0,9,5
38.03125,9.046875,16.0,7.5,461,26,3.625,2.265625,3.0,2.0,12,5
37.609375,8.953125,15.0,7.0,461,26,3.640625,2.28125,3.0,2.0,12,5
38.53125,9.109375,15.0,7.0,461,26,3.609375,2.265625,3.0,2.0,12,5
38.125,9.015625,15.0,7.0,461,26,3.53125,2.21875,3.0,2.0,12,5
38.609375,9.171875,15.0,7.0,461,26,3.453125,2.171875,3.0,2.0,12,5
37.578125,8.9375,15.0,7.0,461,26,3.546875,2.203125,3.0,2.0,12,5
39.140625,9.234375,15.5,7.5,461,26,3.53125,2.1875,3.0,2.0,12,5
38.4375,9.046875,14.5,7.0,461,26,3.640625,2.25,3.0,2.0,12,5
38.609375,9.109375,15.0,7.0,461,26,3.8125,2.34375,3.0,2.0,12,5
38.71875,9.171875,15.5,7.0,461,26,3.84375,2.359375,3.0,2.0,12,5
34.875,9.171875,15.5,7.0,461,26,3.796875,2.328125,3.0,2.0,12,5
34.890625,9.1875,16.0,7.5,461,26,3.734375,2.296875,3.0,2.0,12,5
36.03125,9.40625,16.0,7.5,461,26,3.953125,2.359375,3.0,2.0,12,5
35.625,9.328125,15.5,7.0,461,26,3.734375,2.265625,3.0,2.0,11,5
34.390625,9.21875,15.5,7.0,461,26,3.59375,2.1875,3.0,2.0,11,5
36.53125,9.359375,16.0,7.5,461,26,3.5,2.15625,3.0,2.0,11,5
36.78125,9.5,16.0,8.0,461,26,3.515625,2.15625,3.0,2.0,11,5
40.46875,9.828125,16.5,8.5,461,26,3.421875,2.109375,3.0,2.0,11,5
40.65625,9.921875,17.5,9.0,461,26,3.5,2.140625,3.0,2.0,11,5
40.875,10.015625,17.5,9.0,461,26,3.578125,2.1875,3.0,2.0,11,5
40.640625,9.96875,16.5,9.0,461,26,3.625,2.21875,3.0,2.0,11,5
34.59375,9.875,16.5,9.0,296,26,3.578125,2.1875,3.0,2.0,11,5
34.8125,9.96875,18.0,9.0,296,26,3.640625,2.21875,3.0,2.0,11,5
34.453125,9.859375,16.5,9.0,296,26,3.703125,2.25,3.0,2.0,11,5
34.3125,9.8125,16.5,9.0,296,26,3.671875,2.234375,3.0,2.0,11,5
31.5625,9.796875,18.0,9.0,296,26,3.796875,2.28125,3.0,2.0,11,5
31.359375,9.78125,16.5,9.0,296,26,3.921875,2.359375,3.0,2.0,11,5
29.953125,9.5,16.0,9.0,296,26,3.9375,2.375,3.0,2.0,11,5
30.046875,9.578125,16.0,9.0,296,26,3.890625,2.375,3.0,2.0,11,5
30.609375,9.75,17.0,9.0,296,26,3.890625,2.375,3.0,2.0,11,5
28.421875,9.625,17.0,9.0,296,26,4.09375,2.453125,3.5,2.5,11,5
28.640625,9.734375,18.0,9.0,296,26,4.15625,2.484375,4.0,3.0,11,5
28.203125,9.671875,18.0,9.0,296,26,4.09375,2.453125,3.5,2.5,11,5
28.59375,9.765625,19.0,9.0,296,26,4.125,2.46875,3.5,2.5,11,5
29.828125,10.078125,20.0,10.0,296,26,4.21875,2.453125,3.0,2.0,15,5
29.75,10.078125,20.0,10.0,296,26,4.109375,2.40625,3.0,2.0,15,5
29.578125,10.015625,20.0,10.0,296,26,4.0625,2.375,3.0,2.0,15,5
30.484375,10.1875,20.0,10.0,296,28,4.203125,2.4375,3.0,2.0,15,5
31.03125,10.296875,20.0,10.0,296,28,4.046875,2.359375,3.0,2.0,15,5
30.078125,10.046875,19.5,10.0,296,28,4.25,2.4375,3.0,2.0,15,5
30.84375,10.265625,20.0,10.0,296,28,4.53125,2.546875,3.5,2.5,15,5
38.796875,10.625,20.0,10.0,523,30,4.46875,2.515625,3.5,2.5,15,5
39.390625,10.78125,20.0,10.0,523,30,4.328125,2.4375,3.0,2.0,15,5
40.59375,10.96875,20.0,10.0,523,30,4.25,2.40625,3.0,2.0,15,5
40.484375,10.921875,20.0,10.0,523,30,4.46875,2.5,3.5,2.5,15,5
40.84375,10.96875,20.5,10.0,523,30,4.40625,2.46875,3.0,2.0,15,5
39.96875,10.8125,20.0,10.0,523,30,4.5,2.53125,3.5,2.5,15,5
39.640625,10.96875,20.0,10.0,523,30,4.65625,2.609375,4.0,3.0,15,5
39.375,10.875,19.5,10.0,523,30,4.703125,2.640625,4.0,3.0,15,5
43.875,11.234375,20.0,10.0,523,30,4.671875,2.609375,4.0,3.0,15,5
48.734375,11.671875,20.5,10.5,523,30,4.734375,2.625,4.0,3.0,15,5
60.921875,12.0,21.0,10.5,788,30,4.875,2.6875,4.0,3.0,15,5
67.40625,12.296875,22.0,10.5,788,30,4.78125,2.640625,4.0,3.0,15,5
67.28125,12.25,22.0,10.0,788,30,4.765625,2.609375,3.5,2.5,15,5
66.78125,12.0625,21.0,10.0,788,30,4.78125,2.625,4.0,3.0,15,5
67.90625,12.359375,22.0,10.0,788,30,4.90625,2.671875,4.0,3.0,15,5
67.109375,12.078125,21.0,10.0,788,30,4.90625,2.671875,4.0,3.0,15,5
62.6875,11.734375,20.0,10.0,788,30,4.90625,2.671875,4.0,3.0,15,5
62.125,11.53125,19.5,9.5,788,30,4.96875,2.71875,4.0,3.0,15,5
63.953125,11.828125,20.0,10.0,788,30,5.09375,2.765625,4.0,3.0,15,5
64.046875,11.546875,19.5,9.5,788,30,5.375,2.828125,4.0,3.0,21,6
64.421875,11.609375,20.0,10.0,788,30,5.609375,2.90625,4.0,3.0,21,6
65.15625,11.765625,20.5,10.0,788,30,5.578125,2.890625,4.0,3.0,21,6
65.84375,11.96875,21.0,10.0,788,30,5.796875,2.953125,4.5,3.0,21,6
64.984375,11.78125,20.5,10.0,788,30,5.84375,2.953125,4.5,3.0,21,6
67.109375,12.15625,21.0,10.0,788,30,6.09375,3.03125,5.0,3.0,21,6
66.28125,11.90625,20.5,10.0,788,30,5.78125,2.9375,5.0,3.0,21,6
66.921875,12.09375,21.0,10.0,788,30,5.96875,2.984375,5.0,3.0,21,6
65.703125,11.84375,20.5,10.0,788,30,5.75,2.90625,4.5,3.0,21,6
65.75,11.84375,20.5,10.0,788,30,5.65625,2.875,4.0,3.0,21,6
65.984375,11.953125,21.0,10.0,788,30,5.75,2.90625,4.5,3.0,21,6
66.203125,12.03125,21.0,10.0,788,30,5.75,2.90625,4.5,3.0,21,6
67.0625,12.28125,22.0,10.5,788,30,5.828125,2.921875,4.5,3.0,21,6
67.078125,12.34375,22.0,10.5,788,30,5.84375,2.9375,4.5,3.0,21,6
66.109375,12.203125,22.0,10.5,788,30,5.609375,2.84375,4.0,3.0,21,6
59.9375,12.03125,22.0,10.5,788,30,5.546875,2.84375,4.0,3.0,15,5
64.390625,12.375,24.0,11.0,788,30,5.640625,2.859375,4.0,3.0,15,5
67.125,12.875,26.5,11.0,788,30,6.015625,2.96875,5.0,3.0,15,5
74.1875,13.25,27.0,11.0,788,32,6.046875,3.0,5.0,3.0,15,5
74.296875,13.34375,27.0,11.0,788,32,6.078125,3.0,5.0,3.0,15,5
70.21875,13.203125,27.0,11.0,788,32,5.984375,2.96875,5.0,3.0,15,5
68.578125,13.078125,27.0,11.0,788,32,6.03125,3.0,5.0,3.0,15,5
67.90625,13.0,27.0,11.0,788,32,5.875,2.953125,4.5,3.0,15,5
68.65625,13.25,29.5,11.5,788,32,6.046875,3.015625,5.0,3.0,15,5
68.03125,13.125,28.0,11.0,788,32,5.890625,2.953125,5.0,3.0,15,5
57.609375,13.03125,28.0,11.0,523,32,5.671875,2.875,4.5,3.0,15,5
57.578125,13.015625,28.0,11.0,523,32,5.546875,2.828125,4.5,3.0,15,5
57.53125,13.015625,28.0,11.0,523,32,5.734375,2.890625,5.0,3.0,15,5
59.671875,13.296875,31.5,12.5,523,32,5.984375,2.96875,5.0,3.0,15,5
59.59375,13.234375,28.0,11.5,523,32,6.015625,2.953125,5.0,3.0,15,5
61.46875,13.515625,31.5,12.5,523,32,6.109375,2.96875,5.0,3.0,15,5
63.625,13.578125,31.5,12.5,523,32,6.0625,2.9375,5.0,3.0,15,5
62.71875,13.234375,28.0,11.5,523,32,5.9375,2.90625,5.0,3.0,15,5
60.453125,13.109375,28.0,11.5,523,32,5.96875,2.921875,5.0,3.0,15,5
62.828125,13.265625,28.0,11.5,523,32,5.90625,2.90625,5.0,3.0,15,5
63.234375,13.453125,29.0,12.0,523,32,5.921875,2.921875,5.0,3.0,15,5
63.265625,13.421875,29.0,12.0,523,32,5.9375,2.9375,5.0,3.0,15,5
63.640625,13.5625,29.0,12.0,523,32,6.265625,3.046875,5.0,3.0,15,5
60.203125,13.484375,29.0,12.0,523,32,6.28125,3.0625,5.0,3.0,15,5
60.046875,13.40625,29.0,12.0,523,32,6.15625,2.984375,5.0,3.0,15,5
63.546875,13.859375,35.0,13.5,523,32,6.1875,2.984375,5.0,3.0,15,5
66.0625,14.109375,37.0,13.5,523,32,6.15625,2.96875,5.0,3.0,15,5
67.75,14.3125,39.5,14.5,523,32,6.265625,3.0,5.0,3.0,15,5
67.78125,14.34375,39.5,14.5,523,32,6.34375,3.046875,5.0,3.0,15,5
68.046875,14.421875,39.5,14.5,523,32,6.234375,3.015625,5.0,3.0,15,5
65.625,14.265625,37.0,14.5,523,32,6.234375,3.03125,5.0,3.0,15,5
67.484375,14.25,37.0,13.5,523,32,6.734375,3.125,5.0,3.0,25,7
67.1875,14.1875,35.0,14.0,523,32,6.640625,3.109375,5.0,3.0,25,7
69.265625,14.3125,33.5,13.5,523,32,6.953125,3.203125,6.0,3.0,25,7
68.515625,13.984375,29.0,12.5,523,32,7.15625,3.234375,7.0,3.0,25,7
68.828125,14.078125,31.0,13.0,523,32,7.109375,3.21875,6.0,3.0,25,7
67.9375,13.875,29.0,12.0,523,32,7.015625,3.15625,5.0,3.0,25,7
77.9375,14.03125,29.0,12.0,715,32,6.96875,3.109375,5.0,3.0,25,7
78.375,14.03125,29.0,12.0,715,32,7.125,3.171875,5.0,3.0,25,7
78.453125,14.015625,29.0,12.0,715,32,7.265625,3.1875,6.0,3.0,25,7
78.109375,13.875,28.5,12.0,715,32,7.234375,3.15625,6.0,3.0,25,7
83.90625,14.15625,28.5,12.0,715,32,7.34375,3.1875,6.5,3.0,25,7
86.5625,14.296875,27.5,12.0,715,32,7.453125,3.203125,7.0,3.0,25,7
88.328125,14.40625,27.5,12.0,715,32,7.40625,3.171875,7.0,3.0,25,7
84.0,13.8125,27.0,11.5,715,32,7.4375,3.1875,7.0,3.0,25,7
84.421875,13.9375,27.5,12.0,715,32,7.75,3.265625,7.0,3.0,25,7
86.234375,14.03125,28.0,12.0,715,32,7.84375,3.28125,7.0,3.0,25,7
81.234375,14.03125,28.5,12.0,715,32,7.890625,3.3125,7.0,3.5,25,7
84.015625,14.078125,28.5,12.0,715,32,8.046875,3.328125,7.0,3.5,25,7
85.796875,14.28125,31.0,12.0,715,32,8.390625,3.40625,7.0,3.5,27,7
89.640625,14.46875,31.0,12.0,715,32,8.609375,3.46875,7.0,4.0,27,7
86.265625,14.3125,28.5,12.0,715,32,8.40625,3.421875,7.0,3.5,27,7
79.515625,14.109375,28.5,12.0,715,32,8.59375,3.484375,7.0,4.0,27,7
83.671875,14.125,28.5,12.0,715,33,8.671875,3.5,7.0,4.0,27,7
81.65625,13.984375,27.5,12.0,715,33,8.796875,3.5625,7.5,4.0,27,7
81.671875,14.0,28.5,12.0,715,33,8.578125,3.515625,7.0,4.0,27,7
84.03125,14.515625,36.0,12.5,715,33,8.578125,3.53125,7.5,4.0,27,7
82.125,14.390625,39.0,12.5,715,33,8.65625,3.5625,7.5,4.0,27,7
80.28125,14.125,34.5,12.0,715,33,8.59375,3.5625,7.0,4.0,27,7
82.28125,14.21875,34.5,12.0,715,33,8.46875,3.515625,7.0,3.0,27,7
82.0,14.1875,34.5,12.5,715,33,8.4375,3.5,7.0,3.0,27,7
74.328125,14.15625,34.5,12.0,401,33,8.34375,3.46875,7.0,3.0,27,7
74.484375,14.34375,37.5,12.5,401,33,8.28125,3.453125,7.0,3.0,27,7
80.53125,14.65625,37.5,12.5,429,36,8.546875,3.546875,7.0,3.5,27,7
81.890625,14.71875,37.5,12.5,429,36,8.40625,3.5,7.0,3.0,27,7
83.453125,14.859375,40.0,13.0,429,36,8.515625,3.546875,7.0,3.5,27,7
83.671875,15.03125,40.0,13.5,429,36,8.515625,3.515625,7.0,4.0,27,7
84.859375,15.1875,41.5,14.0,429,36,8.703125,3.578125,7.5,4.0,27,7
85.90625,15.265625,43.5,14.0,429,36,8.828125,3.625,7.5,4.0,27,7
88.359375,15.671875,45.5,15.0,429,36,9.046875,3.6875,9.0,4.0,27,7
89.15625,15.71875,47.0,15.0,429,36,8.859375,3.65625,8.5,4.0,27,7
82.703125,15.328125,45.5,15.0,401,33,8.609375,3.59375,7.0,4.0,27,7
87.765625,15.9375,49.5,15.5,401,33,8.65625,3.609375,7.0,4.0,27,7
93.375,16.140625,49.5,15.5,402,33,8.71875,3.640625,7.0,4.0,27,7
94.21875,16.328125,52.0,16.0,402,33,8.8125,3.671875,7.0,4.0,27,7
99.828125,16.75,54.0,16.0,409,33,8.9375,3.703125,7.5,4.0,27,7
100.25,16.953125,54.0,16.0,409,33,8.96875,3.71875,8.5,4.0,27,7
100.203125,16.796875,54.0,16.0,409,33,8.84375,3.671875,7.5,4.0,27,7
100.140625,16.828125,54.0,16.0,409,33,9.0,3.71875,8.5,4.0,27,7
99.359375,16.734375,52.0,16.0,409,33,9.09375,3.75,9.0,4.0,27,7
99.234375,16.78125,52.0,16.0,409,33,9.171875,3.765625,9.0,4.0,27,7
100.390625,16.984375,54.0,16.5,409,33,9.265625,3.78125,9.0,4.0,27,7
107.21875,17.125,60.0,16.5,585,33,9.234375,3.78125,9.0,4.0,27,7
104.59375,17.140625,60.0,16.5,585,33,9.171875,3.75,9.0,4.0,27,7
122.53125,17.3125,66.5,17.0,1475,33,9.203125,3.75,9.0,4.0,27,7
125.78125,17.546875,68.5,17.0,1475,33,9.234375,3.75,9.0,4.0,27,7
124.078125,17.328125,67.5,17.0,1475,33,9.125,3.71875,8.0,4.0,27,7
132.375,17.375,68.5,17.0,1475,33,9.4375,3.796875,9.0,4.0,27,7
131.4375,17.21875,68.5,17.0,1475,33,9.46875,3.796875,9.0,4.0,27,7
131.21875,17.203125,68.5,17.0,1475,33,9.609375,3.84375,9.0,4.0,27,7
111.0625,17.328125,70.5,17.0,610,33,9.703125,3.875,9.0,4.0,27,7
115.25,17.65625,81.0,17.5,610,33,9.40625,3.8125,9.0,4.0,25,7
107.203125,17.515625,81.0,17.5,585,33,9.328125,3.84375,9.0,4.0,25,7
109.3125,17.796875,85.5,18.0,585,33,9.171875,3.78125,9.0,4.0,25,7
105.734375,17.421875,81.5,17.5,585,33,9.03125,3.75,8.0,4.0,25,7
109.015625,17.765625,86.5,18.0,585,33,9.25,3.828125,9.0,4.0,25,7
109.921875,18.03125,86.5,18.0,585,33,9.5625,3.90625,9.0,4.0,25,7
110.671875,18.109375,86.5,18.0,585,33,9.8125,4.015625,9.0,4.0,25,7
108.765625,17.9375,81.5,18.0,585,33,9.84375,4.03125,9.0,4.0,25,7
107.890625,18.03125,81.5,18.0,609,33,9.5625,3.9375,9.0,4.0,25,7
110.5,18.421875,86.5,18.0,609,33,9.71875,3.984375,9.0,4.0,25,7
109.71875,18.328125,81.5,18.0,609,33,9.765625,4.015625,9.0,4.0,25,7
116.203125,18.515625,81.5,18.5,609,33,9.90625,4.046875,9.0,4.0,25,7
119.28125,18.859375,88.0,19.0,609,33,9.875,4.015625,9.0,4.0,25,7
119.03125,18.984375,86.5,18.5,609,33,9.84375,4.015625,9.0,4.0,25,7
119.96875,19.15625,86.5,18.5,609,33,9.890625,4.03125,9.0,4.0,25,7
120.484375,19.0625,86.5,18.5,609,33,9.546875,3.90625,9.0,4.0,25,7
111.46875,18.421875,75.5,18.0,609,33,9.671875,3.9375,9.0,4.0,25,7
121.390625,18.75,81.5,18.0,655,33,9.640625,3.9375,9.0,4.0,25,7
123.0,18.96875,81.5,18.5,655,33,9.953125,4.046875,9.0,4.0,25,7
127.28125,19.03125,81.5,18.5,655,33,10.015625,4.0625,9.0,4.0,25,7
126.78125,18.875,81.5,18.5,655,33,10.125,4.078125,9.0,4.0,25,7
126.3125,18.84375,81.5,18.5,655,33,10.0,4.03125,9.0,4.0,25,7
132.703125,19.015625,88.0,18.5,655,33,9.71875,3.96875,9.0,4.0,19,6
145.296875,19.71875,90.5,19.5,655,33,9.875,4.0,9.0,4.0,19,6
149.578125,20.03125,93.0,20.5,655,33,9.75,3.953125,9.0,4.0,19,6
153.4375,20.40625,95.5,21.0,655,33,9.546875,3.875,9.0,4.0,19,6
152.515625,20.171875,95.5,21.0,655,33,9.515625,3.859375,9.0,4.0,19,6
144.203125,19.734375,93.0,19.5,655,33,9.453125,3.828125,9.0,4.0,19,6
149.34375,19.90625,94.0,20.5,655,33,9.484375,3.84375,9.0,4.0,19,6
154.125,20.09375,95.5,21.0,655,33,9.46875,3.8125,9.0,4.0,19,6
152.34375,19.953125,95.5,21.0,655,33,9.4375,3.796875,9.0,4.0,19,6
156.21875,20.265625,109.0,21.0,655,33,9.40625,3.796875,9.0,4.0,19,6
149.828125,19.953125,100.0,21.0,609,33,9.15625,3.734375,9.0,4.0,19,6
158.421875,20.328125,109.0,21.0,609,33,9.1875,3.734375,9.0,4.0,19,6
166.34375,20.359375,109.0,21.0,704,33,9.09375,3.703125,9.0,4.0,19,6
161.171875,20.40625,109.0,21.0,704,33,9.328125,3.765625,9.0,4.0,19,6
164.203125,20.59375,116.5,21.5,704,33,9.109375,3.71875,9.0,4.0,19,6
168.640625,20.53125,115.5,21.0,704,34,9.0625,3.703125,9.0,4.0,19,6
175.078125,21.0,117.5,22.0,704,34,9.03125,3.703125,9.0,4.0,19,6
169.875,20.765625,115.5,21.5,704,34,8.953125,3.65625,9.0,4.0,19,6
176.109375,21.28125,127.5,22.0,704,34,8.859375,3.640625,9.0,4.0,19,6
171.65625,20.96875,115.5,21.5,704,34,8.9375,3.671875,9.0,4.0,19,6
174.71875,21.0,117.5,22.0,704,34,8.828125,3.625,9.0,4.0,19,6
176.828125,20.96875,117.5,22.0,704,34,8.6875,3.578125,9.0,4.0,19,6
178.828125,21.15625,142.5,22.5,704,34,8.578125,3.546875,8.5,4.0,19,6
177.046875,21.125,139.5,22.5,704,34,8.328125,3.484375,7.5,4.0,17,6
181.296875,21.53125,149.5,23.0,704,34,8.359375,3.484375,7.5,4.0,17,6
181.859375,21.640625,149.5,23.0,704,34,8.40625,3.5,8.5,4.0,17,6
183.296875,21.78125,149.5,23.0,704,34,8.1875,3.453125,7.5,4.0,17,6
191.953125,22.359375,156.5,23.5,704,34,8.15625,3.4375,7.0,4.0,17,6
193.90625,22.4375,157.0,24.0,704,34,8.109375,3.40625,7.0,4.0,17,6
189.125,22.140625,156.5,23.5,704,34,8.0625,3.40625,7.0,4.0,17,6
188.75,22.1875,153.5,23.5,704,34,8.109375,3.4375,7.0,4.0,17,6
194.484375,22.3125,156.5,24.0,704,34,8.3125,3.46875,7.5,4.0,19,6
208.203125,22.5625,157.0,24.0,976,34,8.515625,3.546875,8.5,4.0,19,6
209.03125,22.6875,157.0,24.0,976,34,8.625,3.59375,8.5,4.0,19,6
213.1875,22.734375,158.0,24.0,976,34,8.515625,3.5625,8.5,4.0,19,6
222.109375,22.890625,165.0,24.0,976,34,8.703125,3.609375,9.0,4.0,19,6
217.65625,22.484375,158.0,24.0,976,34,8.5,3.578125,7.5,4.0,19,6
215.25,22.265625,158.0,23.5,976,34,8.515625,3.578125,7.5,4.0,19,6
207.609375,21.765625,152.0,23.0,976,34,8.515625,3.59375,7.0,4.0,19,6
207.125,21.75,149.0,23.0,976,34,8.546875,3.59375,7.5,4.0,19,6
218.109375,22.375,157.0,23.5,976,34,8.8125,3.640625,9.0,4.0,19,6
223.0,22.9375,158.0,24.0,976,34,9.0625,3.71875,9.0,4.0,19,6
228.546875,23.265625,165.0,25.0,976,34,9.109375,3.71875,9.0,4.0,19,6
232.84375,23.4375,165.0,25.5,976,34,9.15625,3.734375,9.0,4.0,19,6
236.515625,23.234375,169.5,25.5,976,34,9.03125,3.703125,9.0,4.0,19,6
237.578125,23.3125,188.0,26.0,976,34,9.015625,3.6875,9.0,4.0,19,6
245.28125,23.09375,205.0,26.0,976,34,8.90625,3.625,8.0,4.0,19,6
247.453125,23.265625,205.0,26.0,976,34,8.84375,3.609375,8.0,4.0,19,6
248.9375,23.21875,205.0,26.0,976,34,8.578125,3.546875,7.0,4.0,19,6
255.40625,23.46875,209.5,26.0,976,34,8.96875,3.671875,9.0,4.0,19,6
259.53125,23.625,218.5,26.0,976,34,9.0,3.671875,9.0,4.0,19,6
268.703125,23.8125,227.5,26.0,976,34,9.21875,3.734375,9.0,4.0,19,6
268.28125,23.8125,227.5,26.0,976,35,9.328125,3.78125,9.0,4.0,19,6
273.90625,23.734375,230.5,26.0,976,35,9.3125,3.78125,9.0,4.0,19,6
279.75,23.734375,230.5,26.0,976,35,9.15625,3.75,9.0,4.0,19,6
275.078125,23.625,227.5,26.0,976,35,9.328125,3.8125,9.0,4.0,19,6
276.328125,23.4375,225.5,26.0,976,35,9.296875,3.796875,9.0,4.0,19,6
282.28125,23.59375,225.5,26.0,976,35,9.515625,3.84375,9.0,4.0,21,6
285.390625,23.78125,230.5,26.0,976,35,9.578125,3.875,9.0,4.0,21,6
294.3125,24.1875,235.5,26.0,976,35,9.75,3.953125,9.0,4.0,21,6
274.5625,23.53125,225.5,26.0,976,35,9.71875,3.9375,9.0,4.0,21,6
275.640625,23.78125,225.5,26.0,976,35,9.8125,3.984375,9.0,4.0,21,6
278.03125,23.859375,225.5,26.0,976,35,9.8125,3.96875,9.0,4.0,21,6
273.390625,23.6875,218.5,26.0,976,35,9.546875,3.921875,9.0,4.0,19,6
273.234375,23.484375,218.5,26.0,976,35,9.453125,3.890625,9.0,4.0,19,6
280.0,23.6875,225.5,26.0,976,35,9.609375,3.90625,9.0,4.0,19,6
284.703125,23.734375,225.5,26.0,976,35,9.765625,3.953125,10.0,4.0,19,6
288.75,24.140625,230.5,26.0,976,35,10.046875,4.03125,11.0,4.0,19,6
290.734375,24.21875,230.5,26.0,976,35,10.234375,4.078125,11.0,4.0,19,6
293.28125,24.265625,231.5,26.0,976,35,10.4375,4.125,11.5,4.0,19,6
297.390625,24.1875,238.0,26.0,976,35,10.75,4.1875,12.5,4.5,25,7
296.265625,23.953125,238.0,26.0,976,35,10.671875,4.171875,12.5,4.5,25,7
286.59375,24.0,231.5,26.0,976,35,10.578125,4.140625,12.5,4.5,25,7
274.296875,23.5,225.5,25.5,976,35,10.21875,4.046875,11.5,4.0,25,7
273.921875,23.3125,225.5,25.5,976,35,10.203125,4.0625,11.0,4.0,25,7
280.53125,23.390625,229.0,26.0,976,35,10.203125,4.0625,11.0,4.0,25,7
311.40625,23.515625,229.0,26.0,2506,36,10.046875,4.03125,10.5,4.0,25,7
322.703125,23.828125,229.0,26.0,2506,36,10.078125,4.046875,10.5,4.0,25,7
324.359375,23.8125,229.0,26.0,2506,36,10.0,4.015625,10.5,4.0,25,7
330.96875,23.75,229.0,26.0,2506,36,10.03125,4.015625,10.5,4.0,25,7
346.75,24.109375,231.5,26.0,2506,36,10.109375,4.046875,11.0,4.0,25,7
341.046875,24.15625,225.5,26.5,2506,36,10.109375,4.078125,11.0,4.0,25,7
370.234375,24.671875,231.5,27.0,2506,36,10.109375,4.09375,11.0,4.5,25,7
378.453125,24.84375,238.0,27.0,2506,36,10.015625,4.0625,10.0,4.0,25,7
382.5625,25.0,238.0,27.0,2506,36,10.171875,4.09375,11.0,4.0,25,7
381.546875,24.875,243.0,27.0,2506,36,10.046875,4.046875,11.0,4.0,25,7
378.546875,24.765625,243.0,27.0,2506,36,9.859375,3.984375,10.0,4.0,25,7
387.21875,24.875,262.0,27.5,2506,36,9.90625,3.953125,10.0,4.0,25,7
389.765625,25.140625,262.0,27.5,2506,36,9.921875,3.9375,11.0,4.0,25,7
391.8125,25.25,262.0,28.0,2506,36,10.296875,4.046875,11.0,4.0,25,7
398.421875,25.140625,262.0,28.0,2506,36,10.265625,4.03125,11.0,4.0,25,7
394.578125,25.109375,262.0,28.0,2506,36,10.5625,4.125,12.0,5.0,25,7
403.171875,25.171875,262.0,28.0,2506,36,10.4375,4.109375,12.0,5.0,25,7
411.4375,25.5,283.0,28.0,2506,36,10.828125,4.234375,12.0,5.0,25,7
406.109375,25.390625,266.0,28.5,2506,36,10.84375,4.25,12.0,5.0,25,7
447.40625,25.1875,283.0,29.0,3007,36,10.734375,4.203125,12.0,5.0,25,7
448.0625,25.046875,285.0,28.5,3007,36,10.71875,4.21875,11.5,4.5,25,7
461.9375,25.234375,289.0,28.5,3007,36,10.65625,4.1875,11.5,4.5,25,7
458.71875,25.0,289.0,28.0,3007,36,10.421875,4.140625,11.0,4.0,25,7
473.453125,25.125,289.0,28.5,3007,36,10.359375,4.125,11.0,4.0,25,7
454.21875,25.03125,289.0,28.5,3007,36,10.3125,4.125,11.0,4.0,25,7
453.484375,25.015625,287.5,28.5,3007,36,10.34375,4.125,11.0,4.0,25,7
457.03125,24.859375,285.0,28.5,3007,36,10.390625,4.125,11.0,4.0,25,7
451.5,24.859375,283.0,29.0,3007,36,10.609375,4.1875,11.5,4.5,25,7
455.15625,25.125,285.0,29.0,3007,36,10.78125,4.234375,12.0,5.0,25,7
453.640625,25.0625,283.0,29.0,3007,36,10.828125,4.234375,12.0,5.0,25,7
420.546875,24.6875,265.0,29.0,3007,36,10.828125,4.234375,12.0,5.0,25,7
425.34375,24.9375,272.0,29.0,3007,36,10.734375,4.21875,12.0,4.5,25,7
427.375,24.96875,279.0,29.0,3007,36,10.828125,4.234375,12.0,4.5,25,7
387.0625,25.0,282.0,28.5,2506,38,10.8125,4.25,12.0,5.0,25,7
374.953125,24.53125,270.0,27.5,2506,38,10.734375,4.234375,12.0,5.0,25,7
355.453125,24.328125,253.0,27.5,2506,38,10.65625,4.21875,12.0,4.5,25,7
350.25,24.203125,235.5,27.0,2506,38,10.5,4.171875,12.0,4.0,25,7
354.515625,24.609375,235.5,27.0,2506,38,10.875,4.296875,12.0,5.0,25,7
409.953125,24.703125,253.0,27.5,3670,38,11.09375,4.359375,12.0,5.0,25,7
417.859375,25.0,270.0,28.0,3670,38,11.1875,4.359375,12.0,5.0,25,7
401.703125,24.578125,253.0,27.5,3670,38,10.953125,4.296875,12.0,4.0,25,7
401.078125,24.453125,253.0,27.0,3670,38,10.84375,4.265625,12.0,4.0,25,7
404.921875,24.734375,269.0,27.5,3670,38,11.078125,4.328125,12.0,4.0,25,7
403.5625,25.046875,269.0,27.5,3670,38,11.0625,4.328125,12.0,4.5,25,7
399.984375,24.984375,253.0,27.5,3670,38,10.9375,4.3125,12.0,5.0,25,7
382.296875,24.78125,243.0,27.0,3670,38,10.859375,4.3125,12.0,4.5,25,7
378.984375,24.4375,243.0,26.5,3670,38,10.6875,4.265625,12.0,4.0,25,7
385.875,24.65625,253.0,27.0,3670,38,10.96875,4.3125,12.0,5.0,25,7
390.515625,25.046875,264.0,27.0,3670,38,11.078125,4.34375,12.5,5.0,25,7
383.40625,24.953125,264.0,27.0,3670,38,11.109375,4.34375,12.5,5.0,25,7
381.75,25.109375,264.0,27.0,3670,38,11.0,4.34375,12.0,5.0,25,7
386.8125,25.171875,270.0,27.0,3670,38,11.234375,4.390625,12.5,5.0,25,7
391.1875,25.25,276.0,27.0,3670,38,11.375,4.453125,13.0,5.0,25,7
403.578125,26.03125,282.0,28.0,3670,38,11.546875,4.5,13.0,5.0,25,7
402.484375,26.078125,282.0,28.0,3670,38,11.703125,4.546875,13.0,5.0,25,7
401.90625,26.3125,282.0,28.5,3670,38,11.515625,4.515625,13.0,5.0,25,7
410.546875,26.5,284.0,29.0,3670,38,11.421875,4.484375,13.0,5.0,25,7
405.8125,26.515625,284.0,29.0,3670,38,11.359375,4.5,13.0,5.0,25,7
418.828125,26.546875,284.0,29.0,3670,38,11.03125,4.40625,13.0,5.0,25,7
416.625,26.46875,283.0,29.0,3670,37,10.953125,4.375,13.0,5.0,25,7
409.296875,25.96875,279.0,28.5,3670,37,10.875,4.359375,13.0,5.0,25,7
407.875,25.859375,279.0,28.5,3670,37,10.8125,4.3125,13.0,5.0,25,7
521.015625,26.203125,285.0,29.0,7237,39,10.765625,4.3125,12.5,5.0,25,7
524.625,26.109375,285.0,29.0,7237,39,10.5,4.21875,12.0,5.0,25,7
559.109375,26.359375,285.0,29.0,7237,40,10.3125,4.1875,12.0,5.0,17,6
544.140625,26.0,279.0,27.5,7237,40,10.28125,4.1875,12.0,5.0,17,6
550.328125,26.515625,283.0,28.5,7237,40,10.625,4.28125,12.0,5.0,17,6
597.90625,27.078125,287.5,29.0,7237,40,10.59375,4.28125,12.0,5.0,17,6
595.390625,27.046875,287.5,29.0,7237,40,10.328125,4.1875,12.0,5.0,17,6
596.25,27.25,290.0,29.0,7237,40,10.296875,4.1875,12.0,5.0,17,6
693.171875,27.515625,290.0,29.0,7237,43,10.21875,4.171875,11.5,5.0,17,6
749.046875,27.375,290.0,29.0,7237,43,10.015625,4.125,10.0,4.5,17,6
743.265625,27.140625,287.5,29.0,7237,43,9.953125,4.109375,10.0,4.0,17,6
747.609375,26.703125,287.5,29.0,7237,43,9.875,4.0625,10.0,4.0,17,6
755.21875,26.765625,312.5,29.0,7237,43,9.78125,4.046875,9.0,4.0,17,6
755.15625,26.796875,339.0,29.0,7237,43,9.640625,3.984375,9.0,4.0,17,6
760.5,26.5625,310.0,29.0,7237,43,9.453125,3.921875,9.0,4.0,17,6
759.015625,26.53125,291.5,29.0,7237,43,9.453125,3.90625,9.0,4.0,17,6
753.4375,26.453125,291.5,29.0,7237,43,9.359375,3.875,9.0,4.0,17,6
775.21875,26.390625,316.5,29.0,7237,43,9.421875,3.890625,9.0,4.0,17,6
802.0625,26.578125,316.5,29.0,7237,43,9.609375,3.9375,9.0,4.0,17,6
801.328125,26.390625,316.5,29.0,7237,43,9.59375,3.90625,10.0,4.0,17,6
818.0625,26.3125,316.5,29.0,7237,43,9.390625,3.84375,9.0,4.0,17,6
809.921875,26.09375,283.0,29.0,7237,43,9.4375,3.828125,9.0,4.0,17,6
868.703125,26.25,283.0,29.0,7237,43,9.59375,3.875,10.0,4.0,17,6
854.0,26.25,277.5,28.5,7237,43,9.640625,3.90625,10.0,4.0,17,6
817.59375,26.46875,283.0,29.0,7237,43,9.859375,3.96875,11.0,4.0,17,6
824.53125,26.6875,310.0,29.0,7237,43,9.921875,4.0,11.0,4.0,17,6
928.09375,27.0625,356.5,29.0,7237,43,9.84375,3.953125,11.0,4.0,17,6
943.296875,27.0625,381.0,29.0,7237,43,10.0,4.0,11.5,4.5,17,6
804.328125,26.671875,331.5,29.0,6524,43,10.0,4.0,11.5,4.5,17,6
724.875,26.34375,331.5,29.0,6524,43,10.296875,4.109375,12.0,5.0,17,6
734.578125,26.578125,356.5,29.0,6524,43,10.046875,4.0,11.5,4.5,17,6
665.359375,26.15625,356.5,29.0,4054,40,9.96875,3.96875,12.0,5.0,17,6
670.625,26.6875,356.5,29.0,4054,40,10.21875,4.0625,12.0,5.0,17,6
667.046875,26.671875,308.0,29.0,4054,40,9.90625,3.953125,11.5,4.5,17,6
766.34375,26.71875,308.0,29.0,6868,43,9.875,3.9375,12.5,5.0,17,6
763.40625,26.75,291.0,29.0,6868,43,9.96875,3.96875,12.5,5.0,17,6
762.6875,26.828125,291.0,29.0,6868,43,9.96875,3.96875,12.5,5.0,17,6
743.625,26.765625,291.0,29.0,6868,43,10.078125,4.015625,12.5,5.0,17,6
699.171875,26.734375,291.0,29.0,4054,40,10.046875,4.015625,11.5,4.5,17,6
672.0625,26.328125,273.5,28.0,4054,40,9.984375,4.015625,11.5,4.5,17,6
669.25,26.140625,273.5,28.0,4054,40,10.0625,4.046875,11.5,4.5,21,7
680.15625,26.65625,277.5,28.5,4054,40,10.265625,4.109375,12.5,5.0,21,7
678.515625,26.453125,277.5,28.5,4054,40,10.234375,4.09375,13.0,5.0,21,7
670.203125,26.109375,273.5,28.0,4054,40,9.859375,3.984375,11.5,4.5,17,6
686.5,26.234375,277.0,28.5,4054,40,9.859375,3.984375,11.5,4.5,17,6
709.4375,26.609375,277.0,29.0,4054,40,10.5,4.1875,13.0,5.0,25,7
712.34375,26.828125,283.0,29.0,4054,40,10.4375,4.171875,12.5,5.0,25,7
708.140625,26.40625,283.0,29.0,4054,40,10.15625,4.078125,11.5,4.5,25,7
707.671875,26.4375,283.0,29.0,4054,40,10.125,4.078125,11.5,4.5,25,7
710.6875,26.640625,283.0,29.0,4054,40,10.0,4.046875,10.0,4.0,25,7
695.375,26.625,277.0,29.0,4054,40,9.84375,4.0,9.0,4.0,25,7
751.15625,27.4375,293.0,29.5,4054,40,9.953125,4.015625,9.0,4.0,25,7
751.203125,27.28125,293.0,29.0,4054,40,9.984375,4.015625,10.0,4.0,25,7
742.140625,26.359375,275.5,28.5,4054,40,9.78125,3.953125,10.0,4.0,25,7
741.5625,26.328125,307.5,28.5,4054,40,9.90625,4.0,11.5,4.5,25,7
806.390625,26.203125,273.0,27.5,6480,43,9.875,3.984375,11.5,4.5,25,7
813.046875,26.28125,307.5,28.0,6480,43,9.75,3.953125,9.0,4.0,25,7
814.546875,26.484375,307.5,28.0,6480,43,9.78125,3.984375,10.0,4.0,25,7
839.21875,26.75,334.5,28.0,6480,43,10.0,4.078125,11.5,4.5,25,7
851.4375,26.75,334.5,28.0,6480,43,10.453125,4.234375,12.5,5.0,25,7
843.953125,26.65625,307.5,28.0,6480,43,10.421875,4.234375,12.5,5.0,25,7
836.46875,26.25,273.0,28.0,6480,43,10.25,4.171875,12.5,5.0,25,7
788.90625,25.359375,235.0,27.0,6480,43,10.046875,4.109375,11.5,4.5,25,7
763.71875,25.078125,235.0,27.0,6480,43,10.109375,4.109375,11.5,4.5,25,7
784.046875,25.328125,253.5,27.5,6480,43,10.359375,4.15625,11.5,4.5,25,7
843.46875,25.328125,253.5,28.0,6480,43,10.40625,4.15625,12.5,5.0,25,7
849.765625,26.015625,260.5,28.5,6480,43,10.5625,4.203125,13.0,5.0,25,7
813.390625,25.6875,249.0,27.5,6480,43,10.640625,4.21875,13.0,5.0,25,7
803.890625,25.625,249.0,27.5,6480,43,10.828125,4.25,13.0,5.0,25,7
808.109375,26.078125,249.5,27.5,6480,43,11.0625,4.34375,13.0,5.0,25,7
802.9375,25.875,242.5,27.0,6480,43,11.0,4.34375,13.0,5.0,25,7
798.9375,25.453125,235.0,27.0,6480,43,11.21875,4.40625,13.0,5.0,25,7
810.625,25.734375,249.0,27.0,6480,43,11.28125,4.4375,13.0,5.0,25,7
811.265625,25.765625,249.0,27.0,6480,43,11.1875,4.40625,12.5,5.0,25,7
835.375,25.84375,249.0,27.0,6480,43,11.171875,4.421875,12.5,5.0,25,7
842.875,25.859375,249.0,27.5,6480,43,11.234375,4.421875,13.0,5.0,25,7
854.890625,26.21875,260.5,28.0,6480,43,11.328125,4.4375,13.0,5.0,25,7
779.375,26.078125,260.5,28.0,5824,42,11.515625,4.453125,12.5,5.0,29,7
808.296875,26.125,268.5,28.0,5824,42,11.3125,4.390625,11.5,4.5,29,7
879.890625,26.265625,311.5,28.5,5824,42,11.34375,4.390625,11.5,4.5,29,7
859.609375,25.890625,261.5,28.0,5824,42,11.1875,4.34375,11.0,4.0,29,7
849.046875,26.078125,261.5,28.0,5824,42,11.46875,4.390625,11.5,4.5,29,7
848.75,25.96875,261.5,28.0,5824,42,11.484375,4.375,12.5,5.0,29,7
822.890625,25.84375,261.5,28.0,5824,42,11.484375,4.375,12.5,5.0,29,7
823.40625,25.953125,261.5,28.0,5824,42,11.5625,4.375,12.5,5.0,29,7
828.59375,25.984375,284.5,28.0,5824,42,11.21875,4.328125,12.5,5.0,25,7
858.4375,26.34375,289.0,28.5,5824,42,11.328125,4.34375,12.5,5.0,25,7
831.125,26.234375,284.5,28.0,5824,42,11.296875,4.359375,12.5,5.0,25,7
825.171875,26.0,284.5,28.0,5824,42,11.203125,4.3125,12.5,5.0,25,7
819.375,25.9375,258.0,28.0,5824,42,11.421875,4.359375,13.0,5.0,25,7
843.03125,26.53125,284.5,28.0,5824,42,11.6875,4.4375,13.0,5.0,25,7
842.3125,26.546875,284.5,28.5,5824,42,11.6875,4.453125,13.0,5.0,25,7
892.28125,26.984375,289.0,29.0,5824,42,11.8125,4.484375,13.0,5.0,25,7
927.71875,27.171875,305.5,29.5,5824,42,11.59375,4.40625,13.0,5.0,25,7
889.390625,27.203125,328.0,29.5,5824,42,11.375,4.359375,13.0,5.0,25,7
859.28125,27.109375,328.0,29.0,5824,42,11.5,4.390625,13.0,5.0,25,7
855.015625,26.828125,328.0,29.0,5824,42,11.40625,4.375,13.0,5.0,25,7
843.21875,26.8125,312.5,29.0,5824,42,11.34375,4.359375,13.0,5.0,25,7
890.640625,27.015625,363.5,29.5,5824,42,11.359375,4.359375,13.0,5.0,25,7
863.890625,26.5625,312.5,29.0,5824,39,11.296875,4.34375,13.0,5.0,25,7
866.265625,26.78125,312.5,29.0,5824,39,11.5,4.390625,13.0,5.0,25,7
845.46875,26.515625,289.0,28.5,5824,39,11.53125,4.421875,13.0,5.0,25,7
855.53125,27.03125,312.5,28.5,5824,39,11.796875,4.515625,13.0,5.0,25,7
808.546875,26.90625,289.0,28.5,5824,39,11.984375,4.5625,13.0,5.0,25,7
781.75,26.953125,284.5,28.5,5824,39,11.765625,4.515625,13.0,5.0,25,7
773.296875,26.828125,274.5,28.0,5824,39,11.484375,4.453125,13.0,5.0,25,7
775.1875,27.0,274.5,28.5,5824,39,11.546875,4.4375,13.0,5.0,25,7
696.4375,26.765625,274.5,28.0,5824,39,11.546875,4.4375,13.0,5.0,25,7
793.703125,26.71875,264.5,28.0,8445,41,11.359375,4.390625,13.0,5.0,25,7
807.328125,26.6875,264.5,28.5,8445,41,11.359375,4.390625,13.0,5.0,25,7
816.0625,26.609375,274.5,28.5,8445,41,11.125,4.3125,13.0,5.0,25,7
878.796875,26.8125,284.5,29.0,8445,41,11.140625,4.328125,13.0,5.0,25,7
902.078125,27.390625,312.5,29.0,8445,41,11.03125,4.296875,13.0,5.0,25,7
900.5625,27.34375,312.5,29.0,8445,41,11.078125,4.328125,13.0,5.0,25,7
891.234375,27.4375,289.0,29.0,8445,41,11.1875,4.375,13.0,5.0,25,7
896.375,27.65625,289.0,29.0,8445,41,11.46875,4.421875,13.0,5.0,25,7
773.03125,27.34375,289.0,29.0,5824,39,11.5625,4.453125,13.0,5.0,25,7
808.3125,27.171875,289.0,29.0,5824,39,11.734375,4.46875,13.0,5.0,25,7
795.234375,27.140625,289.0,29.0,5824,39,11.765625,4.484375,13.0,5.0,25,7
783.34375,26.84375,274.5,28.5,5824,39,11.640625,4.453125,13.0,5.0,25,7
803.3125,26.875,274.5,28.5,5824,39,11.796875,4.5,13.0,5.0,25,7
908.0625,26.96875,274.5,28.5,7304,39,11.546875,4.453125,13.0,5.0,25,7
903.5,26.6875,261.5,28.0,7304,39,11.578125,4.453125,13.0,5.0,25,7
817.375,26.515625,261.5,28.0,7304,39,11.859375,4.53125,13.0,5.0,25,7
816.046875,26.0625,271.5,27.5,7304,39,11.828125,4.53125,13.0,5.0,25,7
816.5,26.15625,271.5,27.5,7304,39,11.8125,4.515625,13.0,5.0,25,7
807.484375,26.15625,269.5,27.5,7304,39,11.4375,4.4375,13.0,5.0,25,7
821.765625,26.296875,286.0,27.5,7304,39,11.375,4.421875,13.0,5.0,25,7
843.140625,26.359375,289.0,27.5,7304,39,11.3125,4.40625,13.0,5.0,25,7
840.421875,26.296875,289.0,27.0,7304,39,11.34375,4.421875,13.0,5.0,25,7
819.484375,26.125,289.0,27.0,7304,39,11.171875,4.375,13.0,5.0,25,7
926.703125,26.359375,319.0,27.5,7304,39,11.125,4.359375,13.0,5.0,25,7
901.421875,26.203125,319.0,27.0,7304,39,11.1875,4.375,13.0,5.0,25,7
902.21875,26.34375,319.0,27.0,7304,39,11.140625,4.359375,13.0,5.0,25,7
908.625,26.53125,341.0,27.0,7304,39,11.234375,4.40625,13.0,5.0,25,7
913.796875,26.671875,341.0,27.0,7304,39,11.203125,4.40625,13.0,5.0,25,7
804.0,26.28125,319.0,27.0,7304,39,11.046875,4.359375,13.0,5.0,25,7
817.578125,26.5625,334.5,27.0,7304,39,11.109375,4.375,13.0,5.0,25,7
823.90625,26.953125,334.5,27.5,7304,39,11.453125,4.46875,13.0,5.0,25,7
829.5625,27.0625,334.5,27.5,7304,39,11.359375,4.4375,13.0,5.0,25,7
857.453125,27.0,341.0,27.5,7304,39,11.296875,4.421875,13.0,5.0,25,7
856.421875,26.8125,341.0,27.5,7304,39,10.984375,4.328125,13.0,5.0,25,7
839.703125,26.375,324.0,27.0,7304,39,10.9375,4.28125,13.0,5.0,25,7
799.234375,26.015625,299.5,27.0,7304,39,11.078125,4.34375,13.0,5.0,25,7
790.703125,25.765625,299.5,27.0,7304,39,11.203125,4.375,13.0,5.0,25,7
788.546875,25.71875,289.0,27.0,7304,39,11.25,4.390625,13.0,5.0,25,7
806.265625,25.953125,299.5,27.0,7304,39,11.28125,4.40625,13.0,5.0,25,7
814.828125,26.0,314.0,27.0,7304,39,11.0625,4.359375,13.0,5.0,25,7
811.265625,25.8125,299.5,27.0,7304,39,11.234375,4.34375,13.0,5.0,25,7
700.9375,25.6875,289.0,27.0,4165,38,10.984375,4.296875,13.0,5.0,25,7
691.265625,25.453125,266.0,27.0,4165,38,11.140625,4.296875,13.0,5.0,25,7
693.21875,25.65625,266.0,27.0,4165,38,11.34375,4.34375,13.0,5.0,25,7
679.765625,25.59375,266.0,27.0,4165,38,11.15625,4.28125,13.0,5.0,25,6
727.0625,26.28125,285.5,27.0,4165,38,11.34375,4.34375,13.0,5.0,25,6
713.0,26.015625,282.5,27.0,4165,38,11.09375,4.265625,13.0,5.0,25,6
713.6875,26.421875,282.5,27.0,4165,38,11.359375,4.34375,13.0,5.0,25,6
708.390625,25.890625,266.0,27.0,4165,38,10.890625,4.1875,13.0,5.0,25,6
697.65625,25.421875,248.5,27.0,4165,38,10.625,4.09375,13.0,5.0,25,6
682.328125,25.609375,235.0,27.0,4165,38,10.78125,4.140625,13.0,5.0,25,6
676.8125,25.390625,228.0,27.0,4165,38,10.71875,4.125,13.0,5.0,25,6
664.09375,25.25,228.0,27.0,4165,38,10.671875,4.125,13.0,5.0,25,6
663.640625,25.171875,228.0,27.0,4165,38,10.65625,4.125,13.0,5.0,25,6
660.65625,24.96875,228.0,26.5,4165,38,10.53125,4.09375,12.0,5.0,25,6
661.3125,24.78125,235.0,26.0,4165,38,10.75,4.15625,13.0,5.0,25,6
653.75,24.28125,235.0,25.0,4165,38,10.734375,4.125,13.0,5.0,25,6
650.234375,23.96875,228.0,25.0,4165,38,10.53125,4.046875,12.5,5.0,25,6
650.453125,24.046875,228.0,25.0,4165,38,10.65625,4.125,12.5,5.0,25,6
721.265625,24.421875,237.5,25.0,4165,38,10.5625,4.140625,12.5,5.0,25,6
718.703125,24.3125,237.5,25.0,4165,38,10.40625,4.09375,12.0,5.0,25,6
717.828125,24.171875,225.5,25.0,4165,38,10.3125,4.046875,12.0,5.0,25,6
738.53125,24.609375,239.0,25.0,4165,38,10.265625,4.09375,12.0,5.0,22,6
969.78125,24.953125,248.5,25.5,14977,42,10.296875,4.078125,12.0,5.0,22,6
911.328125,24.78125,248.5,25.5,14977,42,9.9375,3.953125,9.0,4.0,22,6
1086.40625,24.953125,285.5,25.5,14977,42,9.78125,3.90625,9.0,4.0,22,6
1074.609375,24.96875,276.0,25.0,14977,42,10.34375,4.0625,9.0,4.0,27,6
1082.28125,25.3125,285.5,25.5,14977,42,10.4375,4.109375,9.0,4.0,27,6
1036.5625,24.84375,276.0,25.0,14977,42,10.46875,4.125,9.0,4.0,27,6
1041.28125,25.09375,285.5,25.0,14977,42,10.53125,4.109375,10.5,4.5,27,6
1115.703125,25.75,294.5,26.0,14977,42,10.140625,3.984375,9.0,4.0,27,6
1113.296875,25.375,298.0,25.5,14977,42,10.234375,4.015625,9.0,4.0,27,6
1047.390625,24.984375,294.5,25.0,14977,42,10.0625,3.96875,9.0,4.0,27,6
1054.40625,25.0625,298.0,25.5,14977,42,10.390625,4.015625,9.0,4.0,27,6
1044.46875,25.046875,293.0,25.5,14977,42,10.03125,3.921875,9.0,4.0,27,6
1035.78125,25.203125,293.0,25.5,14977,42,10.421875,4.078125,9.0,4.0,27,6
1030.125,25.015625,278.5,25.5,14977,42,10.421875,4.078125,9.0,4.0,27,6
1031.59375,25.21875,278.5,25.5,14977,42,10.78125,4.203125,12.0,5.0,27,6
1031.140625,25.390625,258.5,26.0,14977,42,10.703125,4.203125,12.5,5.0,27,6
1029.71875,25.453125,258.5,26.0,14977,42,10.375,4.15625,12.0,5.0,27,6
1003.0,25.484375,258.5,26.5,14977,42,10.53125,4.203125,13.0,5.0,27,6
1001.203125,25.4375,243.5,27.0,14977,42,10.5625,4.21875,13.0,5.0,27,6
1024.984375,25.578125,280.5,27.0,14977,42,10.53125,4.203125,12.5,5.0,27,6
1028.6875,25.90625,280.5,27.0,14977,42,10.609375,4.203125,12.5,5.0,27,6
797.15625,25.671875,280.5,27.0,8775,39,10.390625,4.15625,11.5,4.5,27,6
827.34375,25.828125,295.0,27.0,8775,39,10.15625,4.140625,11.0,4.0,17,6
824.890625,25.515625,295.0,27.0,8775,39,9.859375,4.046875,10.0,4.0,17,6
843.96875,26.09375,298.0,27.0,8775,39,9.96875,4.0625,11.0,4.0,17,6
728.171875,25.75,295.0,27.0,4165,38,9.96875,4.0625,10.0,4.0,25,7
846.234375,26.203125,319.5,27.0,7007,38,10.15625,4.09375,10.0,4.0,25,7
935.90625,25.953125,319.5,27.0,7892,38,10.25,4.109375,11.0,4.0,25,7
907.96875,25.984375,319.5,27.5,7892,38,10.28125,4.125,11.0,4.0,25,7
797.515625,25.9375,319.5,27.5,7007,38,10.328125,4.171875,11.0,4.0,25,7
807.359375,26.421875,336.0,27.5,7007,38,10.453125,4.203125,11.5,4.5,25,7
814.484375,26.625,336.0,28.0,7007,38,10.4375,4.203125,11.5,4.5,25,7
804.75,26.640625,336.0,28.0,7007,38,10.546875,4.265625,11.5,4.5,25,7
791.5,26.625,336.0,28.0,7007,38,10.546875,4.265625,12.0,5.0,25,7
782.109375,26.546875,336.0,27.5,7007,38,10.65625,4.296875,13.0,5.0,25,7
817.03125,26.765625,343.0,27.5,7007,38,10.828125,4.328125,13.0,5.0,25,7
1022.203125,26.890625,343.0,27.5,14014,40,11.140625,4.390625,13.0,5.0,25,7
1065.265625,27.109375,344.0,28.0,14014,40,11.078125,4.375,13.0,5.0,25,7
1088.859375,27.125,348.5,27.5,14014,40,11.203125,4.421875,13.0,5.0,25,7
984.453125,26.96875,348.5,27.5,7476,40,11.296875,4.4375,13.0,5.0,25,7
1153.09375,27.703125,368.0,28.0,9136,40,11.3125,4.46875,13.0,5.0,25,7
1154.46875,28.0,358.5,28.0,9136,40,11.34375,4.46875,13.0,5.0,25,7
1146.875,27.609375,358.5,28.0,9136,40,11.28125,4.4375,13.0,5.0,25,7
1210.375,27.890625,368.0,28.0,9136,40,11.53125,4.5,13.0,5.0,25,7
1162.921875,27.609375,368.0,28.0,9136,40,11.78125,4.5625,13.0,5.0,25,7
1151.90625,27.453125,368.0,28.0,9136,40,11.75,4.5625,13.0,5.0,25,7
1007.46875,26.921875,358.5,27.5,7476,40,11.59375,4.53125,13.0,5.0,25,7
1012.3125,26.765625,368.0,27.0,7476,40,11.515625,4.515625,13.0,5.0,25,7
1034.703125,26.671875,368.0,27.0,7476,40,11.703125,4.546875,13.0,5.0,25,7
1078.71875,27.015625,385.0,27.5,7476,40,11.390625,4.484375,13.0,5.0,25,7
1191.015625,27.484375,425.5,28.5,7476,40,11.390625,4.484375,13.0,5.0,25,7
1150.734375,27.234375,425.5,28.5,7476,40,11.4375,4.5,13.0,5.0,25,7
1130.65625,26.765625,403.0,28.0,7476,40,11.3125,4.46875,13.0,5.0,25,7
1134.71875,26.796875,403.0,28.5,7476,40,11.390625,4.46875,13.0,5.0,25,7
1126.40625,26.71875,385.0,28.5,7476,40,11.21875,4.40625,13.0,5.0,25,7
1129.9375,27.046875,385.0,28.5,7476,40,11.59375,4.5,13.0,5.0,25,7
1074.5625,26.75,371.0,28.0,7476,40,11.59375,4.515625,13.0,5.0,25,7
1061.234375,26.5625,358.5,27.5,7476,40,11.75,4.546875,13.0,5.0,25,7
1062.265625,26.4375,354.0,27.0,7476,40,11.65625,4.515625,13.0,5.0,25,7
1102.703125,26.6875,371.0,27.5,7476,40,12.03125,4.609375,13.0,5.0,25,7
1092.90625,26.359375,371.0,27.0,7476,40,12.015625,4.609375,13.0,5.0,25,7
1092.09375,26.1875,371.0,27.0,7476,40,12.03125,4.609375,13.0,5.0,25,7
1087.1875,26.453125,354.0,27.0,7476,40,12.328125,4.703125,13.0,5.0,25,7
972.75,26.125,338.5,27.0,7007,40,12.046875,4.625,13.0,5.0,25,7
992.953125,26.84375,364.0,28.0,7007,40,12.203125,4.65625,13.0,5.0,25,7
936.84375,26.71875,364.0,28.0,7007,40,12.125,4.625,13.0,5.0,25,7
933.546875,26.625,364.0,28.0,7007,40,11.921875,4.546875,13.0,5.0,25,7
913.015625,26.703125,354.0,28.0,7007,40,11.75,4.515625,13.0,5.0,25,7
914.390625,26.859375,354.0,28.0,7007,40,11.75,4.53125,13.0,5.0,25,7
918.078125,27.125,354.0,28.0,7007,40,11.734375,4.53125,13.0,5.0,25,7
934.734375,27.671875,364.0,28.0,7007,40,11.96875,4.609375,13.0,5.0,25,7
956.59375,27.703125,364.0,28.0,7007,40,11.859375,4.5625,13.0,5.0,25,7
950.75,27.5,354.0,28.0,7007,40,12.078125,4.59375,13.0,5.0,25,7
948.96875,27.65625,354.0,28.5,7007,40,12.09375,4.59375,13.0,5.0,25,7
940.71875,27.890625,364.0,28.5,7007,40,12.0,4.5625,13.0,5.0,25,7
932.53125,27.375,354.0,28.5,7007,40,11.796875,4.5,13.0,5.0,25,7
1070.921875,28.140625,364.0,29.0,8674,41,11.6875,4.453125,13.0,5.0,25,7
1066.03125,28.296875,371.0,29.0,8674,41,11.71875,4.46875,13.0,5.0,25,7
1061.90625,28.125,371.0,29.0,8674,41,11.890625,4.5,13.0,5.0,25,7
971.34375,27.34375,354.0,28.0,8674,41,11.796875,4.46875,13.0,5.0,25,7
962.765625,27.390625,354.0,28.5,8674,41,11.734375,4.453125,13.0,5.0,25,7
968.078125,28.046875,354.0,29.0,8674,41,12.03125,4.546875,13.0,5.0,25,7
971.046875,27.890625,364.0,29.0,8674,41,12.078125,4.546875,13.0,5.0,25,7
976.796875,27.640625,364.0,29.0,8674,41,11.703125,4.453125,13.0,5.0,25,7
989.46875,27.515625,371.0,29.0,8674,41,11.53125,4.40625,13.0,5.0,25,7
998.734375,27.53125,371.0,29.0,8674,41,11.40625,4.359375,13.0,5.0,25,7
867.171875,27.265625,364.0,29.0,7007,40,11.640625,4.453125,13.0,5.0,25,7
882.21875,27.484375,371.0,29.0,7007,42,11.53125,4.421875,13.0,5.0,25,7
869.96875,27.53125,371.0,29.0,7007,42,11.546875,4.421875,13.0,5.0,25,7
956.65625,27.25,371.0,29.0,7011,42,11.328125,4.375,13.0,5.0,25,7
954.171875,26.75,371.0,29.0,7011,42,11.234375,4.359375,13.0,5.0,25,7
859.265625,26.609375,371.0,29.0,7011,42,11.078125,4.3125,12.0,4.5,25,7
863.734375,26.84375,385.0,29.0,7011,42,11.015625,4.3125,12.0,4.5,25,7
869.25,27.1875,392.5,29.0,7011,42,10.875,4.296875,12.0,4.5,25,7
879.6875,27.21875,392.5,29.0,7011,42,11.046875,4.34375,13.0,5.0,25,7
874.328125,27.046875,385.5,29.0,7011,42,11.046875,4.328125,13.0,5.0,25,7
881.796875,27.34375,391.5,29.0,7011,42,11.046875,4.34375,13.0,5.0,25,7
884.796875,27.515625,391.5,29.0,7011,42,11.078125,4.359375,13.0,5.0,25,7
880.734375,27.1875,391.5,29.0,7011,42,10.984375,4.328125,13.0,5.0,25,7
883.4375,27.421875,407.5,29.0,7011,42,11.1875,4.359375,13.0,5.0,25,7
887.4375,27.15625,437.0,29.0,7011,42,11.140625,4.34375,13.0,5.0,25,7
880.0625,27.078125,407.5,29.0,7011,42,11.15625,4.34375,13.0,5.0,25,7
920.921875,27.40625,419.5,29.5,7011,42,11.1875,4.359375,13.0,5.0,25,7
941.359375,27.53125,456.0,30.0,7011,42,11.0625,4.328125,12.0,4.5,25,7
968.640625,27.8125,456.0,30.0,7011,42,11.203125,4.359375,13.0,5.0,25,7
986.6875,28.015625,491.5,30.5,7011,42,11.328125,4.40625,13.0,5.0,25,7
989.203125,27.890625,491.5,30.0,7011,42,11.40625,4.4375,13.0,5.0,25,7
972.15625,27.734375,456.0,30.0,7011,42,11.46875,4.453125,13.0,5.0,25,7
988.8125,27.84375,456.0,30.5,7011,42,11.59375,4.484375,13.0,5.0,25,7
977.71875,27.671875,431.0,30.5,7011,39,11.578125,4.484375,13.0,5.0,25,7
977.5625,27.78125,431.0,30.5,7011,39,11.734375,4.53125,13.0,5.0,25,7
958.484375,27.25,401.5,30.0,7011,39,11.40625,4.453125,13.0,5.0,25,7
961.09375,27.578125,401.5,30.0,7011,39,11.578125,4.5,13.0,5.0,25,7
937.25,27.34375,384.0,29.5,7011,39,11.703125,4.546875,13.0,5.0,25,7
839.53125,27.3125,384.0,29.0,7011,39,11.59375,4.5625,13.0,5.0,25,7
876.34375,27.765625,401.5,30.0,7011,39,11.609375,4.546875,13.0,5.0,25,7
875.921875,28.109375,401.5,30.0,7011,39,11.609375,4.515625,13.0,5.0,25,7
871.09375,28.390625,401.5,29.5,7011,39,11.65625,4.53125,13.0,5.0,25,7
915.890625,28.796875,479.0,30.0,7011,39,11.8125,4.578125,13.0,5.0,25,7
901.75,28.34375,426.5,30.0,7011,39,11.65625,4.53125,13.0,5.0,25,7
867.296875,28.0625,426.5,29.5,7011,39,11.5,4.5,13.0,5.0,25,7
838.15625,27.15625,377.0,29.0,7011,39,11.265625,4.40625,13.0,5.0,25,7
1133.390625,27.390625,377.0,29.0,19228,44,10.953125,4.34375,13.0,5.0,25,7
1109.578125,27.453125,364.0,29.0,19228,44,10.953125,4.34375,13.0,5.0,25,7
1111.34375,27.59375,364.0,29.0,19228,44,10.9375,4.34375,13.0,5.0,25,7
1097.203125,27.390625,348.0,28.5,19228,44,10.90625,4.328125,13.0,5.0,25,7
1099.96875,27.640625,348.0,28.5,19228,44,11.03125,4.375,13.0,5.0,25,7
1157.46875,28.078125,364.0,29.0,19228,44,11.09375,4.390625,13.0,5.0,25,7
1132.296875,27.59375,348.0,28.5,19228,44,10.90625,4.328125,13.0,5.0,25,7
1129.765625,27.46875,348.0,28.5,19228,44,10.734375,4.265625,13.0,5.0,25,7
1221.171875,27.484375,348.0,28.5,19228,44,10.765625,4.28125,13.0,5.0,25,7
1246.140625,27.96875,364.0,29.0,19228,44,11.09375,4.375,13.0,5.0,25,7
1255.0625,28.125,364.0,30.0,19228,44,11.203125,4.40625,13.0,5.0,25,7
1241.078125,27.453125,364.0,28.5,19228,44,10.90625,4.328125,13.0,5.0,25,7
1272.765625,27.84375,364.0,29.0,19228,44,11.0625,4.375,13.0,5.0,25,7
1276.28125,28.125,364.0,29.0,19228,44,11.390625,4.4375,13.0,5.0,27,7
1288.703125,28.3125,377.0,30.0,19228,44,11.671875,4.484375,13.0,5.0,27,7
1263.375,28.296875,364.0,29.0,19228,44,11.59375,4.453125,13.0,5.0,27,7
1259.21875,28.03125,364.0,29.0,19228,44,11.5,4.421875,13.0,5.0,27,7
1001.90625,27.5625,364.0,28.5,8402,41,11.4375,4.40625,13.0,5.0,27,7
1008.796875,28.046875,364.0,30.0,8402,41,11.875,4.515625,13.0,5.0,27,7
995.265625,27.984375,364.0,30.0,8402,39,11.796875,4.484375,13.0,5.0,27,7
1103.859375,28.109375,364.0,30.0,8402,39,11.78125,4.484375,13.0,5.0,27,7
1125.28125,28.125,364.0,31.0,8402,39,12.015625,4.5625,13.0,5.0,27,7
1075.40625,27.5625,364.0,30.0,8402,39,11.6875,4.453125,13.0,5.0,27,7
1079.46875,27.75,364.0,31.0,8402,39,11.78125,4.46875,13.0,5.0,27,7
1077.953125,27.359375,364.0,31.0,8402,39,11.59375,4.40625,13.0,5.0,27,7
1057.4375,27.3125,356.0,31.0,8402,39,11.578125,4.375,13.0,5.0,27,7
1065.953125,27.4375,364.0,31.0,8402,39,12.109375,4.484375,13.0,5.0,34,7
1079.140625,27.859375,364.0,31.0,8402,39,12.375,4.5625,13.0,5.0,34,7
1082.59375,27.734375,377.0,30.5,8402,39,12.6875,4.625,13.0,5.0,34,7
1054.984375,27.34375,364.0,29.5,8402,39,12.265625,4.53125,13.0,5.0,34,7
1077.53125,27.796875,377.0,30.5,8402,42,12.578125,4.625,13.0,5.0,34,7
1066.875,27.765625,377.0,30.5,8402,42,12.40625,4.625,13.0,5.0,34,7
1079.90625,27.921875,418.0,31.0,8402,42,12.390625,4.625,13.0,5.0,34,7
1092.90625,27.984375,454.5,31.0,8402,42,12.4375,4.625,13.0,5.0,34,7
1086.828125,27.734375,454.5,31.0,8402,42,12.28125,4.578125,13.0,5.0,34,7
1074.375,27.53125,418.0,30.0,8402,42,12.5625,4.671875,13.0,5.0,34,7
1073.8125,27.5,418.0,30.0,8402,42,12.59375,4.671875,13.0,5.0,34,7
1048.828125,27.03125,377.0,29.0,8402,42,12.40625,4.609375,13.0,5.0,34,7
1051.578125,27.390625,377.0,29.0,8402,42,12.515625,4.65625,13.0,5.0,34,7
1039.46875,27.109375,364.0,29.0,8402,42,12.296875,4.59375,13.0,5.0,34,7
1020.828125,27.03125,364.0,29.0,8402,42,12.109375,4.5625,13.0,5.0,34,7
1024.703125,27.109375,377.0,29.0,8402,42,12.0625,4.546875,13.0,5.0,34,7
1013.109375,26.90625,377.0,29.0,8402,42,12.328125,4.640625,13.0,5.0,34,7
981.453125,26.75,377.0,29.0,8402,42,12.265625,4.609375,13.0,5.0,34,7
969.34375,26.6875,364.0,29.0,8402,42,11.734375,4.546875,13.0,5.0,25,7
950.578125,26.453125,364.0,28.5,8402,39,11.8125,4.5625,13.0,5.0,25,7
935.484375,26.125,356.0,28.0,8402,39,11.609375,4.484375,13.0,5.0,25,7
938.1875,26.21875,356.0,28.0,8402,39,11.75,4.515625,13.0,5.0,25,7
949.84375,26.71875,364.0,29.0,8402,39,11.640625,4.5,13.0,5.0,25,7
949.515625,26.5,364.0,29.0,8402,39,11.609375,4.5,13.0,5.0,25,7
950.59375,26.75,364.0,29.0,8402,39,11.53125,4.484375,13.0,5.0,25,7
960.84375,26.84375,364.0,29.0,8402,39,11.484375,4.46875,13.0,5.0,25,7
966.09375,27.0625,364.0,29.0,8402,39,11.53125,4.5,13.0,5.0,25,7
966.390625,27.09375,364.0,29.0,8402,39,11.609375,4.515625,13.0,5.0,25,7
955.984375,26.65625,357.5,29.0,8402,39,11.59375,4.5,13.0,5.0,25,7
969.5625,27.21875,364.0,29.0,8402,39,11.765625,4.578125,13.0,5.0,25,7
971.8125,27.234375,364.0,29.0,8402,39,11.828125,4.59375,13.0,5.0,25,7
1126.578125,27.390625,394.0,29.0,9952,39,11.84375,4.59375,13.0,5.0,25,7
1144.09375,27.390625,394.0,29.0,9952,39,11.796875,4.546875,13.0,5.0,25,7
1269.6875,27.328125,394.0,29.0,9952,39,11.703125,4.5,13.0,5.0,25,7
1482.25,27.046875,364.0,29.0,16807,39,11.5,4.421875,13.0,5.0,25,7
1461.34375,27.25,364.0,29.0,16807,39,11.640625,4.484375,13.0,5.0,25,7
1360.078125,26.890625,364.0,29.0,16807,39,11.765625,4.484375,13.0,5.0,25,7
949.296875,26.453125,362.0,29.0,8915,39,11.671875,4.46875,13.0,5.0,25,7
950.890625,26.34375,362.0,29.0,8915,39,11.5625,4.4375,13.0,5.0,25,7
1025.6875,27.0,364.0,29.0,8915,39,12.0,4.546875,13.0,5.0,25,7
1043.875,27.53125,406.5,29.0,8915,39,12.203125,4.59375,13.0,5.0,25,7
1063.171875,28.0625,449.5,30.0,8915,39,12.359375,4.640625,13.0,5.0,25,7
1057.390625,27.984375,449.5,30.0,8915,39,12.609375,4.6875,13.0,5.0,25,7
1059.546875,27.90625,449.5,31.0,8915,39,12.46875,4.65625,13.0,5.0,25,7
1005.875,27.8125,449.5,31.0,8915,39,12.734375,4.71875,13.0,5.0,25,7
1020.234375,28.234375,449.5,31.0,8915,39,13.109375,4.8125,13.0,5.0,25,7
1043.171875,28.453125,484.5,31.0,8915,39,12.78125,4.71875,13.0,5.0,25,7
1040.21875,27.9375,484.5,31.0,8915,39,12.703125,4.71875,13.0,5.0,25,7
1045.515625,28.453125,484.5,31.0,8915,39,12.703125,4.71875,13.0,5.0,25,7
1063.828125,28.453125,526.5,31.5,8915,40,12.8125,4.75,13.0,5.0,25,7
1046.546875,28.34375,526.5,31.0,8915,40,12.59375,4.6875,13.0,5.0,25,7
1040.609375,28.015625,526.5,31.5,8915,40,12.484375,4.65625,13.0,5.0,25,7
1047.53125,27.953125,526.5,31.0,8915,40,12.578125,4.703125,13.0,5.0,25,7
1018.90625,27.65625,484.5,31.0,8915,40,12.359375,4.640625,13.0,5.0,25,7
990.640625,27.59375,449.5,31.0,8915,40,12.375,4.671875,13.0,5.0,25,7
1002.984375,28.1875,484.5,31.0,8915,40,12.390625,4.6875,13.0,5.0,25,7
1000.84375,27.875,526.5,31.0,8915,40,12.078125,4.59375,13.0,5.0,25,7
1000.0625,27.671875,526.5,31.0,8915,40,11.9375,4.546875,13.0,5.0,25,7
1006.484375,28.0625,526.5,31.0,8915,40,12.1875,4.625,13.0,5.0,25,7
1164.125,28.90625,571.0,31.5,8915,41,12.484375,4.6875,13.0,5.0,25,7
1136.703125,28.734375,526.5,31.0,8915,41,12.65625,4.703125,13.0,5.0,25,7
1141.84375,28.59375,526.5,31.0,8915,41,12.46875,4.65625,13.0,5.0,25,7
1153.953125,28.796875,560.0,31.0,8915,41,12.296875,4.625,13.0,5.0,25,7
1146.265625,28.515625,560.0,31.0,8915,41,12.28125,4.609375,13.0,5.0,25,7
1143.59375,28.40625,560.0,31.0,8915,41,12.1875,4.578125,13.0,5.0,25,7
1166.921875,28.78125,574.5,31.0,8915,41,12.34375,4.625,13.0,5.0,25,7
1134.140625,28.296875,526.5,31.0,8915,41,12.21875,4.609375,13.0,5.0,25,7
1129.625,28.296875,484.5,31.0,8915,41,12.21875,4.609375,13.0,5.0,25,7
1161.75,28.296875,484.5,31.0,8915,41,12.109375,4.5625,13.0,5.0,25,7
1140.875,27.984375,448.0,30.0,8915,41,12.046875,4.546875,13.0,5.0,25,7
1152.109375,28.359375,484.5,31.0,8915,41,12.09375,4.546875,13.0,5.0,25,7
1126.515625,27.828125,448.0,31.0,8915,40,11.984375,4.515625,13.0,5.0,25,7
1091.75,27.828125,448.0,31.0,8915,40,12.171875,4.546875,13.0,5.0,25,7
1064.65625,27.6875,427.0,30.0,8915,40,12.21875,4.5625,13.0,5.0,25,7
1056.09375,27.46875,421.0,30.0,8915,40,12.0625,4.515625,13.0,5.0,25,7
1099.953125,27.984375,427.0,31.0,8915,40,12.296875,4.59375,13.0,5.0,25,7
969.421875,27.75,421.0,30.0,8915,40,12.1875,4.5625,13.0,5.0,25,7
983.765625,28.0,427.0,31.0,8915,40,12.3125,4.609375,13.0,5.0,25,7
1064.296875,28.3125,427.0,31.0,8915,40,12.3125,4.609375,13.0,5.0,25,7
1098.5,28.640625,448.0,31.0,8915,40,12.234375,4.59375,13.0,5.0,25,7
1191.546875,28.90625,448.0,31.5,8915,42,12.59375,4.703125,13.0,5.0,25,7
1185.625,28.671875,427.0,31.0,8915,42,13.03125,4.8125,13.0,5.0,25,7
1174.8125,28.234375,421.0,31.0,8915,42,12.90625,4.78125,13.0,5.0,25,7
1265.734375,28.34375,427.0,31.0,8915,42,12.765625,4.75,13.0,5.0,25,7
1291.140625,28.640625,448.0,31.0,8915,42,12.765625,4.75,13.0,5.0,25,7
1304.1875,28.6875,448.0,31.0,8915,42,12.765625,4.75,13.0,5.0,25,7
1338.765625,29.0,484.5,31.0,8915,42,13.078125,4.828125,13.0,5.0,25,7
1336.546875,28.84375,484.5,31.0,8915,42,12.5625,4.734375,13.0,5.0,25,7
1349.265625,28.984375,511.5,31.5,8915,42,12.71875,4.765625,13.0,5.0,25,7
1560.296875,29.390625,545.0,32.0,8915,42,12.5625,4.734375,13.0,5.0,25,7
1602.9375,29.375,578.0,32.0,8915,42,12.5,4.71875,13.0,5.0,25,7
1542.6875,29.046875,545.0,32.0,8915,42,11.984375,4.5625,13.0,5.0,25,7
1544.171875,29.0625,545.0,32.0,8915,42,11.9375,4.5625,13.0,5.0,25,7
1529.65625,28.859375,511.5,31.5,8915,42,11.40625,4.453125,13.0,5.0,25,7
1407.0,28.359375,503.0,31.0,8915,40,11.609375,4.5,13.0,5.0,25,7
1374.78125,28.171875,481.5,30.0,8915,40,11.71875,4.53125,13.0,5.0,25,7
1399.6875,28.90625,511.5,31.0,8915,40,11.609375,4.5,13.0,5.0,25,7
1280.515625,29.0,511.5,31.0,8915,40,11.875,4.546875,13.0,5.0,25,7
1275.734375,28.671875,526.5,31.0,8915,40,11.75,4.515625,13.0,5.0,25,7
1261.640625,28.265625,511.5,30.0,8915,40,11.359375,4.453125,13.0,5.0,25,7
1417.84375,28.625,554.5,31.0,8915,40,11.3125,4.4375,13.0,5.0,25,7
1449.328125,28.703125,578.0,31.5,8915,40,11.078125,4.375,12.5,5.0,25,7
1457.765625,28.78125,578.0,31.5,8915,40,11.4375,4.4375,13.0,5.0,25,7
1530.53125,29.125,583.5,32.0,8915,40,11.515625,4.484375,13.0,5.0,25,7
1492.625,29.125,583.5,32.0,8915,41,11.484375,4.46875,13.0,5.0,25,7
1508.375,29.34375,630.0,32.0,8915,41,11.515625,4.46875,13.0,5.0,25,7
1513.515625,29.5,630.0,33.0,8915,41,11.578125,4.484375,13.0,5.0,25,7
1534.40625,29.6875,676.5,33.5,8915,41,11.578125,4.453125,13.0,5.0,25,7
1538.765625,29.828125,670.0,32.5,8915,41,11.765625,4.5,13.0,5.0,25,7
1537.046875,29.609375,670.0,32.5,8915,41,11.578125,4.453125,13.0,5.0,25,7
1581.96875,29.578125,670.0,32.5,8915,41,11.53125,4.4375,13.0,5.0,25,7
1334.71875,29.15625,583.5,31.5,8915,41,11.4375,4.421875,13.0,5.0,25,7
1351.625,29.109375,578.0,32.0,8915,41,11.375,4.40625,13.0,5.0,25,7
1247.546875,28.84375,572.0,31.5,8915,41,11.3125,4.390625,13.0,5.0,25,7
1205.453125,28.5625,544.0,31.0,8915,41,11.296875,4.390625,13.0,5.0,25,7
1216.4375,28.75,545.0,31.5,8915,41,11.078125,4.34375,13.0,5.0,25,7
1234.140625,29.015625,583.5,31.5,8915,41,11.40625,4.4375,13.0,5.0,25,7
1268.328125,29.390625,647.0,32.0,8915,41,11.21875,4.40625,13.0,5.0,25,7
1271.625,29.203125,647.0,32.0,8915,41,11.078125,4.375,13.0,5.0,25,7
1272.59375,29.25,647.0,32.0,8915,41,11.203125,4.421875,13.0,5.0,25,7
1266.90625,29.578125,647.0,32.5,8915,41,11.390625,4.46875,13.0,5.0,25,7
1528.578125,29.671875,647.0,32.5,17690,41,11.390625,4.453125,13.0,5.0,25,7
1519.953125,29.59375,584.0,32.5,17690,41,11.25,4.421875,13.0,5.0,25,7
1512.859375,29.234375,584.0,32.0,17690,41,11.328125,4.453125,13.0,5.0,25,7
1497.4375,29.109375,583.5,31.5,17690,41,11.125,4.375,13.0,5.0,25,7
1283.140625,28.75,578.0,31.0,17690,41,11.15625,4.375,13.0,5.0,25,7
1266.25,28.5625,578.0,31.0,17690,41,11.171875,4.40625,13.0,5.0,25,7
1282.296875,28.6875,583.5,31.0,17690,41,11.3125,4.421875,13.0,5.0,25,7
1272.34375,28.28125,578.0,31.0,17690,41,10.953125,4.296875,13.0,5.0,25,7
1256.390625,27.828125,511.5,31.0,17690,41,10.90625,4.28125,13.0,5.0,25,7
1242.53125,27.546875,484.5,30.5,17690,41,10.875,4.28125,13.0,5.0,25,7
1266.40625,28.109375,511.5,31.0,17690,41,10.859375,4.265625,13.0,5.0,25,7
1248.46875,27.8125,484.5,30.5,17690,41,10.71875,4.25,12.5,5.0,25,7
1547.0,28.078125,484.5,31.0,19752,41,10.84375,4.265625,13.0,5.0,25,7
1530.46875,28.046875,462.5,30.5,19752,41,10.796875,4.234375,12.5,5.0,25,7
1531.359375,28.125,462.5,30.5,19752,41,10.9375,4.265625,13.0,5.0,25,7
989.953125,27.890625,450.5,30.0,8402,41,10.828125,4.25,13.0,5.0,25,7
1003.84375,27.9375,462.5,30.5,8402,41,10.8125,4.25,13.0,5.0,25,7
1014.84375,28.171875,484.5,31.0,8402,41,11.015625,4.3125,13.0,5.0,25,7
990.890625,28.203125,462.5,30.5,8402,41,11.140625,4.34375,13.0,5.0,25,7
958.078125,28.28125,450.5,30.5,8402,41,11.09375,4.34375,13.0,5.0,25,7
1059.5625,28.421875,462.5,31.0,8402,41,11.125,4.359375,13.0,5.0,25,7
1067.546875,28.546875,484.5,31.0,8402,41,11.203125,4.375,13.0,5.0,25,7
1033.578125,28.34375,462.5,31.0,8402,41,11.265625,4.390625,13.0,5.0,25,7
1043.421875,28.640625,462.5,31.0,8402,41,11.359375,4.421875,13.0,5.0,25,7
1100.75,28.609375,450.5,31.0,8402,41,11.3125,4.421875,13.0,5.0,25,7
1088.296875,28.171875,430.0,30.5,8402,41,11.40625,4.453125,13.0,5.0,25,7
1150.953125,28.546875,430.0,31.0,8402,41,11.34375,4.453125,13.0,5.0,25,7
1275.0625,29.109375,462.5,31.0,8402,41,11.4375,4.46875,13.0,5.0,25,7
1279.015625,29.3125,462.5,31.0,8402,41,11.21875,4.40625,13.0,5.0,25,7
1287.734375,29.609375,490.0,31.0,8402,41,11.203125,4.390625,13.0,5.0,25,7
1293.21875,29.625,541.0,31.5,8402,41,10.890625,4.28125,13.0,5.0,25,7
1284.6875,29.421875,490.0,31.5,8402,41,11.109375,4.375,13.0,5.0,25,7
1249.8125,28.5,450.5,31.0,8402,41,11.03125,4.375,13.0,5.0,25,7
1263.9375,29.046875,462.5,31.0,8402,41,11.390625,4.484375,13.0,5.0,25,7
1274.28125,29.46875,490.0,31.5,8402,41,11.421875,4.484375,13.0,5.0,25,7
1325.21875,29.265625,462.5,31.0,9044,41,11.578125,4.515625,13.0,5.0,25,7
1346.375,29.71875,490.0,31.5,9044,41,11.40625,4.46875,13.0,5.0,25,7
1339.25,29.34375,462.5,31.0,9044,41,11.96875,4.59375,13.0,5.0,29,7
1338.03125,29.046875,462.5,31.5,9044,41,11.9375,4.578125,13.0,5.0,29,7
1225.140625,28.6875,450.5,31.0,9044,41,12.25,4.6875,13.0,5.0,29,7
1214.921875,28.46875,430.0,31.0,9044,41,11.75,4.578125,13.0,5.0,25,7
1167.859375,27.6875,394.5,31.0,9044,41,11.53125,4.53125,13.0,5.0,25,7
1177.34375,27.6875,394.5,31.0,9044,41,11.546875,4.546875,13.0,5.0,25,7
1286.5625,28.328125,450.5,31.0,9044,41,11.671875,4.578125,13.0,5.0,25,7
1282.09375,27.84375,426.0,31.0,9044,41,11.453125,4.515625,13.0,5.0,25,7
1306.828125,28.09375,426.0,31.0,9044,41,11.71875,4.609375,13.0,5.0,25,7
1171.765625,27.71875,426.0,30.5,8402,41,11.40625,4.53125,13.0,5.0,25,7
1170.046875,27.75,394.5,30.0,8402,41,11.25,4.484375,13.0,5.0,25,7
1194.828125,27.6875,394.5,30.5,8402,41,11.1875,4.46875,13.0,5.0,25,7
1142.0625,27.125,373.0,29.5,8402,41,10.953125,4.40625,13.0,5.0,25,7
1291.34375,27.65625,394.5,31.0,8402,41,11.0,4.40625,13.0,5.0,25,7
1313.5,27.71875,394.5,31.0,8402,41,11.203125,4.46875,13.0,5.0,25,7
1364.5625,28.359375,426.0,31.0,8402,41,11.6875,4.578125,13.0,5.0,25,7
1356.234375,28.21875,394.5,31.0,8402,41,11.703125,4.578125,13.0,5.0,25,7
1312.515625,27.96875,373.0,31.0,8402,41,11.5625,4.546875,13.0,5.0,25,7
1155.890625,27.171875,365.0,29.5,8402,41,11.4375,4.515625,13.0,5.0,25,7
1152.8125,27.125,365.0,29.5,8402,41,11.328125,4.46875,13.0,5.0,25,7
1154.765625,27.484375,365.0,29.5,8402,41,11.484375,4.53125,13.0,5.0,25,7
1158.515625,27.625,365.0,29.5,8402,41,11.40625,4.515625,13.0,5.0,25,7
1153.78125,27.34375,365.0,28.5,8402,41,11.359375,4.515625,13.0,5.0,25,7
1151.765625,27.015625,365.0,28.5,8402,41,11.109375,4.4375,13.0,5.0,25,7
1159.875,27.484375,368.0,29.5,8402,41,11.03125,4.390625,13.0,5.0,25,7
1148.234375,27.515625,365.0,28.5,8402,41,11.125,4.40625,13.0,5.0,25,7
1168.21875,27.484375,371.0,29.5,8402,41,11.234375,4.4375,13.0,5.0,25,7
1162.96875,27.421875,368.0,28.5,8402,41,11.265625,4.453125,13.0,5.0,25,7
1167.78125,27.390625,367.0,27.0,8402,41,11.421875,4.46875,13.0,5.0,25,7
1134.140625,26.78125,364.0,26.0,8402,41,11.375,4.453125,13.0,5.0,25,7
1114.453125,26.390625,364.0,26.0,8402,39,11.40625,4.453125,13.0,5.0,25,7
1118.78125,26.75,367.0,27.0,8402,39,11.578125,4.5,13.0,5.0,25,7
1128.3125,27.046875,367.0,28.5,8402,39,11.640625,4.5,13.0,5.0,25,7
1108.703125,26.71875,364.0,28.0,8402,39,11.4375,4.453125,13.0,5.0,25,7
1110.53125,26.875,364.0,28.0,8402,39,11.5625,4.484375,13.0,5.0,25,7
1103.703125,26.671875,338.0,27.0,8402,39,11.78125,4.546875,13.0,5.0,25,7
1307.859375,26.765625,367.0,27.0,11604,39,11.984375,4.625,13.0,5.0,25,7
1360.40625,27.21875,373.0,28.0,11604,40,12.046875,4.640625,13.0,5.0,25,7
1342.75,27.171875,367.0,27.0,11604,40,11.703125,4.578125,13.0,5.0,25,7
1250.015625,27.203125,364.0,26.0,11604,40,11.859375,4.625,13.0,5.0,25,7
1137.5,26.65625,335.5,26.0,11604,40,11.859375,4.609375,13.0,5.0,25,7
1112.75,26.40625,335.5,26.0,11604,40,12.15625,4.703125,13.0,5.0,25,7
1116.9375,26.515625,335.5,26.0,11604,40,11.96875,4.671875,13.0,5.0,25,7
1131.140625,26.8125,364.0,26.0,11604,40,12.15625,4.734375,13.0,5.0,25,7
1120.21875,26.453125,335.5,26.0,11604,40,12.03125,4.703125,13.0,5.0,25,7
1128.90625,26.53125,364.0,26.0,11604,40,11.96875,4.671875,13.0,5.0,25,7
1146.15625,26.96875,367.0,26.0,11604,40,12.0625,4.671875,13.0,5.0,25,7
1228.65625,27.140625,367.0,27.0,11604,40,11.8125,4.625,13.0,5.0,25,7
1260.890625,27.328125,373.0,28.0,11604,40,11.875,4.640625,13.0,5.0,25,7
1431.734375,27.5,394.5,28.0,11604,40,11.90625,4.640625,13.0,5.0,25,7
1351.015625,27.328125,373.0,28.0,11604,40,12.09375,4.671875,13.0,5.0,25,7
1454.171875,27.4375,373.0,28.0,11604,40,12.296875,4.71875,13.0,5.0,25,7
1460.984375,27.578125,394.5,28.5,11604,40,12.03125,4.625,13.0,5.0,25,7
1422.734375,27.28125,394.5,28.0,11604,40,11.875,4.578125,13.0,5.0,25,7
1424.71875,27.34375,394.5,28.5,11604,40,11.875,4.578125,13.0,5.0,25,7
1413.5,27.25,373.0,28.5,11604,40,11.6875,4.53125,13.0,5.0,25,7
1549.75,27.34375,407.5,29.0,11604,40,11.609375,4.5,13.0,5.0,25,7
1759.9375,27.5,439.0,29.0,13750,40,11.515625,4.46875,13.0,5.0,25,7
1734.484375,27.4375,398.5,29.0,13750,40,11.703125,4.515625,13.0,5.0,25,7
1743.96875,27.78125,430.0,29.0,13750,40,11.78125,4.53125,13.0,5.0,25,7
1700.140625,27.828125,430.0,29.0,13750,40,11.609375,4.46875,13.0,5.0,25,7
1671.015625,27.609375,398.5,29.0,13750,40,11.6875,4.515625,13.0,5.0,25,7
1856.515625,28.15625,439.0,29.5,13750,40,12.015625,4.578125,13.0,5.0,25,7
1855.578125,28.0625,439.0,29.5,13750,40,12.078125,4.59375,13.0,5.0,25,7
1891.453125,28.5,510.5,29.5,13750,40,11.9375,4.546875,13.0,5.0,25,7
1892.15625,28.640625,510.5,29.5,13750,40,12.09375,4.625,13.0,5.0,25,7
1890.640625,28.640625,478.0,29.0,13750,40,12.34375,4.703125,13.0,5.0,25,7
1891.09375,28.515625,526.0,29.0,13750,40,12.4375,4.734375,13.0,5.0,25,7
1817.65625,28.375,526.0,29.0,13750,40,12.28125,4.703125,13.0,5.0,25,7
1820.59375,28.375,554.0,29.0,13750,40,12.25,4.703125,13.0,5.0,25,7
1825.65625,28.328125,578.0,29.0,13750,40,12.125,4.671875,13.0,5.0,25,7
1823.953125,28.21875,554.0,29.0,13750,40,12.34375,4.734375,13.0,5.0,25,7
1646.53125,28.046875,554.0,29.0,11604,40,12.21875,4.6875,13.0,5.0,25,7
1656.796875,28.359375,554.0,29.0,11604,40,12.21875,4.6875,13.0,5.0,25,7
1677.75,28.671875,578.0,29.5,11604,40,12.390625,4.71875,13.0,5.0,25,7
1654.734375,28.296875,554.0,29.5,11604,40,12.25,4.671875,13.0,5.0,25,7
1566.078125,27.96875,526.0,29.0,11604,40,12.015625,4.625,13.0,5.0,25,7
1675.171875,28.453125,554.0,29.5,11604,40,12.015625,4.65625,13.0,5.0,25,7
1630.765625,28.5625,554.0,29.5,11604,40,12.25,4.71875,13.0,5.0,25,7
1635.515625,28.8125,554.0,29.5,11604,40,12.28125,4.71875,13.0,5.0,25,7
1630.59375,28.671875,554.0,29.0,11604,40,12.09375,4.65625,13.0,5.0,25,7
1576.1875,28.21875,526.0,29.0,11604,40,12.203125,4.671875,13.0,5.0,25,7
1567.8125,27.921875,526.0,29.0,11604,40,12.078125,4.65625,13.0,5.0,25,7
1580.9375,28.03125,526.0,29.0,11604,40,11.84375,4.609375,13.0,5.0,25,7
1654.6875,28.171875,526.0,29.0,11604,40,11.578125,4.5625,13.0,5.0,25,7
1654.28125,28.140625,554.0,29.0,11604,40,11.671875,4.59375,13.0,5.0,25,7
1648.4375,27.9375,526.0,29.0,11604,40,11.46875,4.53125,13.0,5.0,25,7
1664.484375,28.078125,526.0,29.0,11604,40,11.609375,4.546875,13.0,5.0,25,7
1678.65625,28.15625,554.0,29.0,11604,47,11.46875,4.515625,13.0,5.0,25,7
1722.03125,28.546875,573.0,30.0,11604,47,11.8125,4.578125,13.0,5.0,25,7
1782.828125,28.875,578.5,31.0,11604,47,11.609375,4.53125,13.0,5.0,25,7
1797.125,29.640625,578.5,31.0,11604,47,11.671875,4.515625,13.0,5.0,25,7
1775.28125,29.421875,573.0,31.0,11604,47,11.671875,4.515625,13.0,5.0,25,7
1793.078125,29.296875,578.5,31.0,11604,47,11.65625,4.5,13.0,5.0,25,7
1816.453125,29.46875,608.0,31.5,11604,47,11.65625,4.5,13.0,5.0,25,7
1846.640625,29.765625,667.5,32.0,11604,47,11.703125,4.515625,13.0,5.0,25,7
1799.921875,29.078125,578.5,31.0,11604,47,11.609375,4.484375,13.0,5.0,25,7
1805.984375,29.09375,608.0,31.5,11604,47,11.8125,4.546875,13.0,5.0,25,7
1790.890625,29.265625,578.5,31.5,11604,47,12.21875,4.640625,13.0,5.0,25,7
1679.046875,29.15625,578.5,31.0,11604,47,11.96875,4.5625,13.0,5.0,25,7
1684.734375,29.234375,578.5,31.5,11604,47,12.109375,4.625,13.0,5.0,25,7
1628.640625,28.59375,554.0,30.5,11604,47,12.234375,4.640625,13.0,5.0,25,7
1609.265625,27.859375,523.0,30.0,11604,47,12.046875,4.578125,13.0,5.0,25,7
1605.109375,27.90625,506.5,30.0,11604,47,12.140625,4.59375,13.0,5.0,25,7
1609.25,28.03125,523.0,30.0,11604,47,12.296875,4.671875,13.0,5.0,25,7
1607.234375,27.78125,523.0,30.0,11604,47,12.046875,4.59375,13.0,5.0,25,7
1600.34375,27.546875,520.0,30.0,11604,47,11.953125,4.5625,13.0,5.0,25,7
1584.8125,27.328125,503.0,30.0,11604,47,11.953125,4.546875,13.0,5.0,25,7
1610.359375,27.8125,520.0,30.5,11604,47,12.0,4.546875,13.0,5.0,25,7
1608.59375,27.828125,520.0,31.0,11604,47,11.9375,4.53125,13.0,5.0,25,7
1573.34375,27.859375,503.0,31.5,11604,47,11.828125,4.53125,13.0,5.0,25,7
1568.234375,27.484375,482.5,30.5,11604,47,11.75,4.5,13.0,5.0,25,7
1565.234375,27.671875,482.5,30.5,11604,47,11.953125,4.546875,13.0,5.0,25,7
1643.3125,27.703125,482.5,30.5,11604,47,11.875,4.546875,13.0,5.0,25,7
1857.8125,28.171875,503.0,31.5,13793,47,11.921875,4.578125,13.0,5.0,25,7
1884.421875,28.546875,526.0,32.0,13793,47,12.0,4.59375,13.0,5.0,25,7
1896.921875,28.8125,551.0,32.0,13793,47,12.171875,4.671875,13.0,5.0,25,7
1900.390625,28.75,551.0,32.0,13793,47,12.015625,4.625,13.0,5.0,25,7
1888.421875,28.71875,526.0,32.0,13793,47,11.796875,4.5625,13.0,5.0,25,7
1862.59375,28.546875,520.0,32.0,13793,47,11.765625,4.546875,13.0,5.0,25,7
1945.015625,28.953125,526.0,32.0,13793,47,11.71875,4.546875,13.0,5.0,25,7
1984.734375,28.9375,526.0,32.0,13793,47,11.625,4.515625,13.0,5.0,25,7
1913.4375,29.09375,526.0,32.0,13793,47,11.765625,4.5625,13.0,5.0,25,7
2075.140625,28.859375,520.0,32.0,15007,47,11.609375,4.53125,13.0,5.0,25,7
2131.328125,28.828125,520.0,32.0,15007,47,11.5625,4.53125,13.0,5.0,25,7
2109.515625,28.46875,503.0,31.0,15007,47,11.484375,4.515625,13.0,5.0,25,7
2150.34375,28.84375,526.0,31.5,15007,47,11.796875,4.578125,13.0,5.0,31,8
2146.078125,28.734375,526.0,31.5,15007,47,11.875,4.59375,13.0,5.0,31,8
2110.984375,28.21875,520.0,31.0,15007,47,11.25,4.46875,13.0,5.0,25,7
2167.328125,28.609375,526.0,31.0,15007,47,11.265625,4.46875,13.0,5.0,25,7
2170.828125,28.6875,526.0,32.0,15007,47,11.65625,4.546875,13.0,5.0,25,7
2189.765625,29.0,551.0,32.0,15007,47,11.5625,4.5,13.0,5.0,25,7
2191.609375,29.140625,551.0,32.0,15007,47,11.4375,4.4375,13.0,5.0,25,7
2255.984375,29.5625,703.0,32.5,15007,47,11.71875,4.515625,13.0,5.0,25,7
2283.53125,30.359375,751.5,33.0,15007,47,11.765625,4.53125,13.0,5.0,25,7
2274.96875,30.21875,703.0,33.0,15007,47,12.0,4.59375,13.0,5.0,25,7
2273.296875,30.546875,703.0,33.0,15007,47,11.84375,4.546875,13.0,5.0,25,7
2277.203125,30.65625,703.0,33.0,15007,47,11.796875,4.53125,13.0,5.0,25,7
2390.25,31.140625,751.5,33.0,15007,47,12.265625,4.65625,13.0,5.0,25,7
2410.578125,30.96875,803.5,33.0,15007,47,12.171875,4.640625,13.0,5.0,25,7
2439.28125,30.875,824.0,33.0,15007,47,11.96875,4.5625,13.0,5.0,25,7
2242.5,30.28125,751.5,33.0,15007,47,12.140625,4.625,13.0,5.0,25,7
2071.296875,30.171875,751.5,33.0,15007,47,11.984375,4.609375,13.0,5.0,25,7
2047.921875,29.828125,703.0,33.0,15007,47,12.0625,4.609375,13.0,5.0,25,7
2079.578125,30.171875,803.5,33.0,15007,47,12.046875,4.609375,13.0,5.0,25,7
2043.71875,29.796875,751.5,33.0,15007,47,12.0,4.609375,13.0,5.0,25,7
2069.234375,29.953125,803.5,33.0,15007,47,12.140625,4.671875,13.0,5.0,25,7
1975.984375,29.234375,703.0,32.5,15007,47,11.984375,4.625,13.0,5.0,25,7
1975.265625,29.171875,703.0,32.5,15007,47,11.796875,4.578125,13.0,5.0,25,7
1957.875,28.4375,703.0,32.5,15007,47,11.421875,4.453125,13.0,5.0,25,7
